iter	Precision	Logloss
0	0.6323986137	0.6792685426
1	0.627234152	0.6674191933
2	0.6262057192	0.6573001403
3	0.6379722198	0.6486697687
4	0.6459268169	0.6427864092
5	0.6485118633	0.6371671927
6	0.6524566143	0.6298831889
7	0.6539143884	0.6234640048
8	0.6584855922	0.6191886528
9	0.6611397076	0.6151150158
10	0.6618508927	0.6101161153
11	0.6641595964	0.6059402044
12	0.6647878288	0.6023020487
13	0.6662566065	0.5985039712
14	0.6655122129	0.5957148565
15	0.6681214683	0.5925404919
16	0.6687023602	0.5899304572
17	0.6690446792	0.5878720503
18	0.6696178724	0.5854541276
19	0.6692128253	0.5838162513
20	0.6689152233	0.5820498887
21	0.6695798625	0.5806184485
22	0.668849477	0.5789529142
23	0.6707162285	0.5751306105
24	0.6725256896	0.5734862444
25	0.6762466778	0.5697590852
26	0.6782260604	0.5660699079
27	0.681075975	0.5632756719
28	0.6824776535	0.5603932467
29	0.6834087549	0.5581533693
30	0.6849364141	0.5554307749
31	0.6843494208	0.5553400511
32	0.6847427293	0.5531888928
33	0.6859080162	0.5507575252
34	0.6859217031	0.5491434929
35	0.6870872747	0.5477155566
36	0.6874359317	0.5460908691
37	0.6881044703	0.5444672609
38	0.6883047449	0.5436521551
39	0.6881811307	0.5423058107
40	0.6891699323	0.5406093534
41	0.6898300561	0.5387067496
42	0.6904910158	0.537878837
43	0.6908163265	0.5362179388
44	0.6914714235	0.5354992114
45	0.6920927757	0.5344728805
46	0.692194992	0.5336757514
47	0.692194992	0.5327577779
48	0.6923145111	0.5319579682
49	0.6932724694	0.5306168036
50	0.6936398264	0.52986204
51	0.6937212186	0.5289507694
52	0.6937411473	0.5289167326
53	0.6949535193	0.52745214
54	0.6947824933	0.5274490358
55	0.6943044132	0.5269713374
56	0.6946777473	0.5264364325
57	0.6950486295	0.525780086
58	0.6948238518	0.5252546135
59	0.6948778009	0.5249862694
60	0.6952486188	0.5240148313
61	0.6954525386	0.5233026964
62	0.6958958517	0.5229868425
63	0.696116034	0.522102769
64	0.696340388	0.5214379499
65	0.6965757349	0.5211539663
66	0.6964812613	0.520777909
67	0.696809681	0.5203204172
68	0.6966163594	0.519993643
69	0.6971988919	0.5193107354
70	0.6979166667	0.5184033852
71	0.6976560442	0.5179668811
72	0.6975509129	0.5176744726
73	0.6979898174	0.5174202946
74	0.6980999605	0.5168775854
75	0.6998945611	0.5154746144
76	0.6997806055	0.5151041108
77	0.6998289999	0.5148195387
78	0.6999868473	0.514385184
79	0.7001534078	0.5140919858
80	0.7006483834	0.5135329629
81	0.701213369	0.5129337851
82	0.7009591381	0.5126747669
83	0.7013328657	0.5124262399
84	0.7017805456	0.5120283094
85	0.701754386	0.5119338897
86	0.7030989378	0.5109674386
87	0.7032504277	0.5105567879
88	0.7031887363	0.5105566488
89	0.7034076937	0.5100647709
90	0.7037849217	0.5095058282
91	0.7038888158	0.5092508826
92	0.703752411	0.509035931
93	0.7045095631	0.5083148102
94	0.7047259643	0.5080413554
95	0.7047807018	0.5077604816
96	0.7048375071	0.5075142729
97	0.7045026086	0.5073149117
98	0.7046879797	0.5071451977
99	0.7057327076	0.5061299795
100	0.7058384875	0.5059475305
101	0.7058384875	0.5059463493
102	0.705902991	0.5059049175
103	0.7065584558	0.5053898979
104	0.7066023251	0.5051818836
105	0.7068375318	0.5049362066
106	0.7070418825	0.5045838373
107	0.707380252	0.5040616502
108	0.7080480955	0.5032664899
109	0.7080263158	0.5031166763
110	0.7082181563	0.5028611588
111	0.7081322923	0.5026771935
112	0.7080903311	0.502362413
113	0.7083351603	0.501932318
114	0.7090406632	0.5012070133
115	0.7090239411	0.5009618099
116	0.7090510629	0.5006217254
117	0.7090510629	0.5005869356
118	0.7093706171	0.5003353444
119	0.7098724859	0.4996290787
120	0.7111773995	0.4982994508
121	0.7113216651	0.4982054055
122	0.7113908505	0.4979784897
123	0.7111900689	0.4976057671
124	0.7112913835	0.4975004123
125	0.7118859649	0.4972108041
126	0.7120235119	0.4969652649
127	0.7125262973	0.4966126979
128	0.7125202682	0.4965493539
129	0.7124769999	0.4963669713
130	0.712383372	0.4961640104
131	0.7136154352	0.4953266699
132	0.7135341313	0.4951310009
133	0.7137469853	0.4947210316
134	0.7140728404	0.4941355267
135	0.7146430295	0.4937746827
136	0.71467439	0.4934185201
137	0.7148185528	0.4931961209
138	0.714768488	0.4930193292
139	0.7150004389	0.4926688007
140	0.7152451604	0.4926130749
141	0.7154653665	0.4922028014
142	0.7153896817	0.4920423305
143	0.7158107455	0.491745916
144	0.7160038627	0.491516064
145	0.7160352926	0.490881319
146	0.7161290323	0.4905551527
147	0.716286216	0.4904342899
148	0.7164500263	0.4900800056
149	0.7167566618	0.489686304
150	0.7165796516	0.4894274528
151	0.717302542	0.488448727
152	0.7181355337	0.4875973852
153	0.7182727751	0.4875944145
154	0.718248047	0.4875234832
155	0.7184125033	0.4872248668
156	0.7187170475	0.4869931786
157	0.7196376748	0.4860625263
158	0.7203430834	0.4854555149
159	0.7205190235	0.4853703724
160	0.7214024578	0.4845765106
161	0.7222712433	0.4837207949
162	0.7222589896	0.4837124123
163	0.7225604376	0.4833033607
164	0.7225775151	0.4832069877
165	0.7225775151	0.483193077
166	0.7225504895	0.4829233724
167	0.7226657258	0.4828434753
168	0.7228251279	0.4824306345
169	0.7230633414	0.482147608
170	0.7231516222	0.4819861044
171	0.7231882779	0.4819318022
172	0.7231882779	0.4819274063
173	0.7233498059	0.4813098132
174	0.7233498059	0.4813098122
175	0.7234183358	0.4812101658
176	0.7240360011	0.4804785808
177	0.7243538855	0.4801294382
178	0.7248224447	0.4797662059
179	0.7249867655	0.479459607
180	0.725354289	0.4791657753
181	0.7253776168	0.4790480034
182	0.7255222365	0.4787454502
183	0.7262046729	0.4783583953
184	0.7264492754	0.4782243925
185	0.7267143867	0.477941512
186	0.7267143867	0.4779412617
187	0.7267025881	0.477728739
188	0.7268911276	0.4775879216
189	0.7269195108	0.477285913
190	0.7270278624	0.4772532262
191	0.7276783742	0.4765545775
192	0.7275055188	0.4762266851
193	0.728156627	0.4757094453
194	0.7285341818	0.4752644713
195	0.7288030752	0.4751130327
196	0.7291777188	0.4744966742
197	0.7295970275	0.4738704251
198	0.7301039593	0.4735284961
199	0.7303266354	0.4732059908
200	0.7302893549	0.4731694636
201	0.7303693873	0.4728799131
202	0.7306398796	0.4727455229
203	0.7304016988	0.4724866823
204	0.7305156008	0.4723448617
205	0.7306705591	0.4720633032
206	0.7308764323	0.4717933645
207	0.731456895	0.4711315347
208	0.7319980503	0.470160465
209	0.7324411752	0.4698013017
210	0.7324736329	0.4694708473
211	0.7327272727	0.4690682229
212	0.733082207	0.4684533329
213	0.733584571	0.4680817992
214	0.7337322695	0.4679545715
215	0.7338445173	0.4676588109
216	0.7338445173	0.4675641083
217	0.7338327202	0.4675095671
218	0.7340745991	0.4666648944
219	0.7346124873	0.4658025364
220	0.7347544762	0.4652859232
221	0.7351806695	0.4649816847
222	0.735737734	0.4644821144
223	0.7362491128	0.4640887251
224	0.736575841	0.4636804518
225	0.7371530091	0.4630862982
226	0.7372463704	0.4629195469
227	0.7374028857	0.4627239961
228	0.737891232	0.4624167882
229	0.7381459776	0.4621888343
230	0.7389758179	0.4611772563
231	0.7397126207	0.4601161616
232	0.7395810168	0.4600183707
233	0.7397278549	0.4598413854
234	0.7397120256	0.4592850258
235	0.7396402398	0.4590110439
236	0.7397406289	0.458903053
237	0.7400479829	0.458652425
238	0.7408197742	0.4581507141
239	0.7408361843	0.4580181178
240	0.7410305428	0.457794799
241	0.7418364623	0.4571078865
242	0.7425112387	0.4569107893
243	0.7426434581	0.4564489647
244	0.7430097952	0.4561336666
245	0.7432107559	0.4558776774
246	0.74344803	0.4554126393
247	0.7434858135	0.455199039
248	0.7441300958	0.4545577071
249	0.7443351289	0.4542372219
250	0.7449093258	0.4537510724
251	0.7449538832	0.4536018955
252	0.7458080628	0.4532043816
253	0.7458859207	0.4530768559
254	0.7462080657	0.4527166143
255	0.7462866319	0.4524736152
256	0.7465411051	0.4520234627
257	0.7468422227	0.4518906208
258	0.747197785	0.4515754667
259	0.747197785	0.4515329799
260	0.747109504	0.4513780818
261	0.7473764123	0.4511993548
262	0.7476873576	0.4509458486
263	0.748010017	0.4505573266
264	0.7484681784	0.4499680501
265	0.7485916123	0.4498068043
266	0.7489380729	0.4492075344
267	0.7491390492	0.4488509554
268	0.749195135	0.4486247181
269	0.749686885	0.4478027746
270	0.7500895095	0.4475515425
271	0.7507723996	0.446779263
272	0.7513770095	0.446123241
273	0.751701899	0.4456946651
274	0.7517914726	0.4453868986
275	0.7522722185	0.4448339919
276	0.7522824919	0.4446816745
277	0.7527083893	0.4444564069
278	0.7527637291	0.4439051637
279	0.7528874564	0.443642265
280	0.7536082474	0.4429547121
281	0.7540337038	0.4426222885
282	0.7541020353	0.4424390416
283	0.754726279	0.4416259838
284	0.7547702231	0.4413908814
285	0.7549576973	0.4410535496
286	0.7553982618	0.4406536721
287	0.7556790179	0.4404350226
288	0.7561861216	0.4398984665
289	0.756142396	0.4394713726
290	0.7564016324	0.4393113836
291	0.7567155478	0.4389318894
292	0.7570986408	0.4383205976
293	0.7576410395	0.4379754699
294	0.7575934317	0.4377146715
295	0.7576926527	0.437562047
296	0.7583019207	0.4368453477
297	0.7586965304	0.43663132
298	0.7587847238	0.4361756415
299	0.759157838	0.4355915658
300	0.7594737787	0.4351675464
301	0.7595527816	0.4349534283
302	0.7599245554	0.4345808157
303	0.7602263033	0.4338109173
304	0.7608949591	0.4333495806
305	0.7611578048	0.4332110648
306	0.7612456747	0.4324729975
307	0.7617183986	0.4319823874
308	0.7622069214	0.4316227082
309	0.7626333078	0.4310024134
310	0.7626867015	0.4308675975
311	0.7626164858	0.4305455405
312	0.7627278866	0.4301390283
313	0.7630346691	0.4298675044
314	0.763037017	0.4296988782
315	0.7637256227	0.4293325446
316	0.7637600216	0.4291108307
317	0.7641917463	0.4289128738
318	0.7644992795	0.4286834153
319	0.7645469285	0.4285072493
320	0.7651989725	0.428120287
321	0.7651829158	0.4280063525
322	0.7651801802	0.4278045394
323	0.7654315429	0.4274229562
324	0.7657897108	0.4269634057
325	0.7659775706	0.4266200468
326	0.7661846195	0.4263146392
327	0.7667643743	0.4258579979
328	0.7671387335	0.4254110232
329	0.7674754217	0.4250056529
330	0.7674334687	0.4249494302
331	0.7677072995	0.4248370869
332	0.7678885432	0.4243475686
333	0.7678056257	0.4242078841
334	0.7677774271	0.4239813697
335	0.7680335634	0.4236164436
336	0.7679956702	0.4233422223
337	0.7680649526	0.4231969002
338	0.7683179931	0.422859105
339	0.7682866297	0.4225184003
340	0.7683460376	0.4223488166
341	0.7685611186	0.4221249172
342	0.7687866486	0.4217865516
343	0.7687418293	0.4212736434
344	0.7689673815	0.4208138201
345	0.7693174138	0.4204263194
346	0.7691718482	0.4203044337
347	0.7691961067	0.4202688156
348	0.769661147	0.4196972141
349	0.7701683897	0.4194543048
350	0.7704562892	0.419138806
351	0.7705436157	0.4189227996
352	0.7705502641	0.4187738463
353	0.77066414	0.4186004359
354	0.7709245138	0.4182670715
355	0.7711707647	0.4180937671
356	0.7714762678	0.417669996
357	0.7715497789	0.4175645481
358	0.7718941856	0.4173171523
359	0.7719599169	0.4170748304
360	0.7718372135	0.4169860158
361	0.7724010292	0.4165956253
362	0.7725097083	0.416467418
363	0.7724399494	0.4163809204
364	0.7725507901	0.4160732158
365	0.7727560051	0.415920298
366	0.7727067533	0.4156735104
367	0.7728565624	0.4154972244
368	0.7729878572	0.4153777348
369	0.7730618142	0.4152521164
370	0.7731563022	0.4151598457
371	0.773367651	0.4150185363
372	0.7738337172	0.4145530029
373	0.7739283617	0.414466127
374	0.7738993001	0.4143130931
375	0.7741120188	0.4139845649
376	0.774521315	0.4135132762
377	0.7747414066	0.4133508264
378	0.7748260595	0.4131576186
379	0.7752758184	0.4128939574
380	0.7753967178	0.4127649831
381	0.7754160637	0.4126428204
382	0.7757567531	0.4123218461
383	0.7759182196	0.4120785379
384	0.7761295283	0.4119058025
385	0.7763151943	0.4115472364
386	0.7766818984	0.4111447964
387	0.7768980183	0.4107581902
388	0.7769178547	0.4104833365
389	0.7771994931	0.4103173158
390	0.7772949484	0.4100957623
391	0.7777979075	0.4095470657
392	0.7779891304	0.4094358275
393	0.7782358538	0.4092113106
394	0.7783969915	0.4090880635
395	0.7784121805	0.4087877265
396	0.778437415	0.4087288725
397	0.779011786	0.4083916352
398	0.779011786	0.408363233
399	0.7789363921	0.4083434463
400	0.7787598586	0.4079248136
401	0.7789612038	0.407435458
402	0.7789864926	0.4074082757
403	0.7790518492	0.4072565345
404	0.779016542	0.4072255633
405	0.7792131266	0.4070753932
406	0.7796517954	0.4067720236
407	0.7797524595	0.4064788931
408	0.7798477019	0.4064166028
409	0.7799383555	0.4063309244
410	0.7799483298	0.4062257199
411	0.7798730734	0.4060339491
412	0.7798830515	0.4058831343
413	0.7799537604	0.4058282095
414	0.7797670308	0.4057035155
415	0.7800797896	0.4053141107
416	0.7804645676	0.4050787562
417	0.7804800581	0.4047288823
418	0.7804546073	0.4046778134
419	0.7804645676	0.4046717411
420	0.7805143557	0.404604032
421	0.7807554528	0.4042268204
422	0.7808362053	0.403939009
423	0.780669145	0.4038663157
424	0.7808405495	0.403623981
425	0.780911358	0.4035102053
426	0.7812755148	0.4032313387
427	0.7812244898	0.4031039428
428	0.7814172943	0.4029623004
429	0.7814626622	0.4028843162
430	0.781598766	0.4027036982
431	0.781608674	0.4026157313
432	0.7818767583	0.4023488569
433	0.7818256057	0.4023045796
434	0.7827014756	0.4018718209
435	0.7828415797	0.4015232635
436	0.7828454731	0.4014438004
437	0.7829165343	0.4012026593
438	0.7830270025	0.4010921958
439	0.7830822291	0.4009253517
440	0.7829242844	0.4007866074
441	0.7831374507	0.4006650038
442	0.7830663823	0.4006507349
443	0.7831631495	0.4005812928
444	0.7832577132	0.4004753773
445	0.7833484574	0.4002816058
446	0.7834565326	0.4000473457
447	0.783563135	0.3998864603
448	0.7837445573	0.3997466331
449	0.7837506805	0.3997155257
450	0.7836955042	0.3994491304
451	0.7838965752	0.3991040791
452	0.7838058517	0.398770375
453	0.7839125306	0.3986691506
454	0.7842425343	0.3985786737
455	0.7842879187	0.3985468233
456	0.7843626628	0.398318672
457	0.7845602251	0.3980367913
458	0.7850751692	0.3976644592
459	0.7850526698	0.3975469961
460	0.7848974406	0.3974036149
461	0.7851273437	0.3971881169
462	0.7852473899	0.3969923715
463	0.7856039964	0.3967963646
464	0.7855229099	0.3966956893
465	0.7855131698	0.3966542056
466	0.7857824211	0.3963972082
467	0.7859186918	0.3959871271
468	0.7861297946	0.3957546004
469	0.7863539252	0.3955867541
470	0.7868606501	0.3952191014
471	0.7869418932	0.3950815808
472	0.7868934467	0.39494195
473	0.7870850387	0.3946449369
474	0.7871953438	0.394417504
475	0.7871363636	0.3942929595
476	0.7872988453	0.394190141
477	0.7874903405	0.3940801792
478	0.787845706	0.3939303916
479	0.7878815448	0.3938390463
480	0.7878553559	0.3935905219
481	0.7877478625	0.3935703012
482	0.7878718952	0.3934516894
483	0.7879725242	0.393340115
484	0.7878815448	0.3932364036
485	0.7880635036	0.3929021586
486	0.7880083705	0.3928471476
487	0.7881089933	0.3928121649
488	0.7886593247	0.392594003
489	0.7888003642	0.392387618
490	0.7891574491	0.3920930005
491	0.7890593001	0.3919538653
492	0.7889348924	0.3917818955
493	0.7891431952	0.3915159268
494	0.7892892893	0.3913552473
495	0.7894305985	0.3911564738
496	0.7894688978	0.390987183
497	0.7900532375	0.3907001357
498	0.79001729	0.3906201729
499	0.7897370576	0.3903737148
500	0.7900869328	0.3900375153
501	0.790319643	0.3897982374
502	0.7907273307	0.3894921814
503	0.7908755634	0.3892159247
504	0.7911827663	0.3888111809
505	0.7910916792	0.3887665552
506	0.7910291439	0.3886449879
507	0.7910937073	0.3885109819
508	0.7913724776	0.3882131511
509	0.7916438855	0.3880450444
510	0.7916799563	0.3879789839
511	0.7917368925	0.387699483
512	0.7916837455	0.3875788001
513	0.7917103166	0.3874847253
514	0.7918848764	0.3873659033
515	0.7919664815	0.3872297654
516	0.7920575644	0.3871591464
517	0.7922036523	0.3869974045
518	0.7922586521	0.3868856314
519	0.7922414971	0.3867068948
520	0.7924502527	0.3862649479
521	0.7926479297	0.3859807378
522	0.7929368877	0.3856413883
523	0.7929902921	0.3855757936
524	0.7931443158	0.3854663596
525	0.7936522413	0.3849895918
526	0.793697843	0.3849675304
527	0.7938158435	0.3848740442
528	0.7939150664	0.3846116058
529	0.7939338655	0.3843872178
530	0.7941793632	0.3841030002
531	0.7943430657	0.3839057168
532	0.7943336831	0.3838268067
533	0.7943242997	0.3838181408
534	0.7943443558	0.3837361759
535	0.7948987041	0.3834541177
536	0.7951972243	0.3832830204
537	0.7952978772	0.3832015037
538	0.7953435289	0.3829489705
539	0.7954607727	0.3828428249
540	0.7955801105	0.3827706703
541	0.79543379	0.3825973532
542	0.7956351018	0.3824564485
543	0.7958633915	0.382307327
544	0.7959640232	0.3821946334
545	0.7956753798	0.3819459883
546	0.7959286138	0.381752009
547	0.79582896	0.3816601885
548	0.7961289145	0.3815248971
549	0.7962202136	0.3811822432
550	0.7961838682	0.381080867
551	0.7963757531	0.3809484529
552	0.7964121057	0.380865531
553	0.7965761242	0.3806694928
554	0.7965405504	0.3805489271
555	0.7965776865	0.3803939943
556	0.7965784672	0.3803141687
557	0.7965691866	0.3802997618
558	0.7966233174	0.3802379723
559	0.7966596696	0.380211541
560	0.7968685808	0.3800171872
561	0.7969142283	0.3799013433
562	0.7969869893	0.3796919112
563	0.7975880499	0.379282297
564	0.7982897384	0.3789200481
565	0.7984354271	0.3787064566
566	0.798563455	0.3784384694
567	0.798691794	0.378227439
568	0.7988563586	0.3780506409
569	0.7988103409	0.3778295919
570	0.799002334	0.3776681583
571	0.7995056303	0.3773852388
572	0.7994413664	0.3771910494
573	0.7998442368	0.3768542146
574	0.8000824402	0.3762808155
575	0.8002656407	0.3761628319
576	0.8003113696	0.3759531576
577	0.800210642	0.3758038604
578	0.8006226251	0.375338663
579	0.8008519214	0.3751968885
580	0.8009984428	0.3749810049
581	0.8008426066	0.3747622101
582	0.8009435259	0.3746562192
583	0.801063196	0.3744079765
584	0.8011275094	0.3742598181
585	0.8016960807	0.3739978579
586	0.8019715727	0.3738799118
587	0.8022749163	0.3737218503
588	0.8020814231	0.3734786147
589	0.8021731157	0.3734107395
590	0.8021640457	0.373159347
591	0.8025223573	0.3729845854
592	0.8027613412	0.3728129204
593	0.8028608106	0.3726593657
594	0.8026496745	0.3723756124
595	0.8026225299	0.3723112775
596	0.8027232716	0.3722238784
597	0.8031734385	0.3720319218
598	0.8034968565	0.3718691111
599	0.8039854906	0.3715536416
600	0.8040394767	0.3714348562
601	0.8041043063	0.3713387868
602	0.8041132994	0.3712327724
603	0.8042879442	0.3710646552
604	0.8042230893	0.3709945123
605	0.8042410612	0.3708925628
606	0.8043607987	0.3707541568
607	0.8042131351	0.3706346191
608	0.8044166934	0.3705417628
609	0.8043797631	0.3704026934
610	0.8044256726	0.3701484555
611	0.8046003397	0.3699846371
612	0.8049990811	0.3696860374
613	0.8049889746	0.3696565063
614	0.8050438697	0.3695683911
615	0.8051166636	0.3695155167
616	0.8049967852	0.369291434
617	0.8048679679	0.3691951897
618	0.8049699141	0.3689751945
619	0.8052276173	0.3687319541
620	0.8053093281	0.3685687578
621	0.8053999449	0.3682792938
622	0.8056027555	0.3680909767
623	0.8056206089	0.3680126947
624	0.8055555556	0.3679307859
625	0.8055925433	0.3677953801
626	0.8056129714	0.3674462716
627	0.8056780595	0.3673183228
628	0.8059907199	0.3670274772
629	0.8059907199	0.3669860891
630	0.8061299513	0.3669248474
631	0.8061922918	0.3667970303
632	0.806033889	0.3666612017
633	0.8061079219	0.3665813406
634	0.8060887134	0.3664972026
635	0.8061538462	0.3664287104
636	0.806310858	0.3662349861
637	0.8062841656	0.3661242666
638	0.8065049614	0.3659820753
639	0.8065346262	0.3658940363
640	0.8064501309	0.3658163283
641	0.8065153464	0.3657579301
642	0.8064501309	0.3656651036
643	0.8064782908	0.3655953626
644	0.8065612939	0.3654856365
645	0.8067821532	0.3652081488
646	0.807061095	0.3651020257
647	0.8069691537	0.3649680363
648	0.8071724138	0.3647979387
649	0.807181279	0.3647310029
650	0.807623339	0.3643551652
651	0.807568512	0.3642863379
652	0.8075844633	0.3639289762
653	0.8076693181	0.3637895163
654	0.8081170624	0.3635597771
655	0.8080301706	0.3632495889
656	0.8079293533	0.3631413766
657	0.8079930096	0.3629947097
658	0.8079841788	0.3629106558
659	0.8083344832	0.362553815
660	0.8088424733	0.3620587345
661	0.8089432764	0.3619064935
662	0.8091076357	0.3618324702
663	0.8091887417	0.361723053
664	0.8090879823	0.3615875886
665	0.8092565329	0.36124532
666	0.8092259578	0.3611780601
667	0.8093442472	0.3610098771
668	0.8093727005	0.3608234891
669	0.8093880741	0.3604664123
670	0.8099507978	0.3602878704
671	0.8102092435	0.3601790472
672	0.810145794	0.3599361656
673	0.810145794	0.3598359482
674	0.8104154207	0.3596804679
675	0.8105248631	0.3592929982
676	0.8106342855	0.3590711421
677	0.8106342855	0.3590300766
678	0.8106976958	0.3589278909
679	0.8106367317	0.3589000726
680	0.8107001564	0.3587720799
681	0.8108468651	0.3586796855
682	0.810734983	0.3586612411
683	0.8107809769	0.3586016117
684	0.8107896794	0.3585497912
685	0.8110881067	0.3584294239
686	0.8110881067	0.3583586874
687	0.8113520232	0.3581452217
688	0.8113033873	0.3579343765
689	0.81141542	0.3577985686
690	0.8115101289	0.357708186
691	0.8115648451	0.3576218677
692	0.8115995397	0.357461748
693	0.8118811881	0.3570440091
694	0.8122437699	0.3568901975
695	0.8122870038	0.3567702971
696	0.8126324519	0.3564724001
697	0.8125489473	0.3563600592
698	0.8125316747	0.3563321659
699	0.8125489473	0.3562356807
700	0.8127245923	0.3560617564
701	0.8131108243	0.3559699569
702	0.8132232929	0.3558482176
703	0.8132116351	0.3558169044
704	0.8131366674	0.3557360196
705	0.8131655373	0.3556877049
706	0.8130789437	0.3556064405
707	0.8135257238	0.3554201061
708	0.8133640553	0.3553502696
709	0.8134390266	0.3551699026
710	0.813306303	0.3550318495
711	0.8132688321	0.354964946
712	0.8131766874	0.3549004388
713	0.813248572	0.3547710456
714	0.8134851138	0.3547016611
715	0.8133265748	0.3545791093
716	0.8136179237	0.354470665
717	0.8135429151	0.354308409
718	0.8137358838	0.3540664815
719	0.8138366519	0.354028035
720	0.8140907414	0.3537799435
721	0.814153988	0.3537271591
722	0.8139835	0.3536122858
723	0.8141421591	0.3534939637
724	0.8140585388	0.3534129818
725	0.8140671091	0.3533770028
726	0.8142310706	0.3530140599
727	0.8144187333	0.3529285186
728	0.814473381	0.3529166492
729	0.814502374	0.3527054651
730	0.8146098506	0.3525208225
731	0.8146354959	0.3524313918
732	0.8147106295	0.3523876919
733	0.8148575118	0.3522065672
734	0.8149958499	0.3521644805
735	0.8149702532	0.3521027181
736	0.8150624914	0.3520325911
737	0.8150795481	0.3519478104
738	0.8151717777	0.351801955
739	0.8150880753	0.3517670939
740	0.8150880753	0.3517095986
741	0.8148711566	0.3515879195
742	0.8148165222	0.3515104288
743	0.8148626222	0.3514549416
744	0.8149753331	0.351357359
745	0.8152058647	0.3511001301
746	0.8152604887	0.3510281207
747	0.8153356695	0.350908189
748	0.815289561	0.3508760484
749	0.8154860727	0.3507769733
750	0.8157870456	0.3505834466
751	0.8161391529	0.3504687537
752	0.8160845291	0.3503497391
753	0.8162681193	0.3501960401
754	0.8163020401	0.3500809121
755	0.8164112978	0.3498664182
756	0.8163613713	0.3496776946
757	0.8164951308	0.3495876266
758	0.8166466734	0.3492647556
759	0.8170365927	0.3490810047
760	0.8169566622	0.3489535283
761	0.8171497139	0.3488172297
762	0.8170827373	0.3486461674
763	0.8171243942	0.3484909777
764	0.81725045	0.3482963624
765	0.8174936534	0.3481945323
766	0.8176237075	0.3481052011
767	0.8176237075	0.3480264286
768	0.8178124567	0.347913992
769	0.8177453605	0.3477336716
770	0.8178376881	0.3477171444
771	0.8178126442	0.3474520517
772	0.8178210512	0.3472989532
773	0.8181314623	0.3471609299
774	0.8183328718	0.3469985792
775	0.818169235	0.3469030892
776	0.8182741117	0.346798088
777	0.8184713376	0.3466733354
778	0.818488093	0.3465692216
779	0.8185258688	0.3465120043
780	0.818488093	0.3464151156
781	0.818488093	0.3463616844
782	0.818488093	0.3463071691
783	0.8184586987	0.3462711219
784	0.8188616535	0.3459926748
785	0.8190212373	0.3458365335
786	0.8190506972	0.3458216927
787	0.8190968695	0.3457849958
788	0.8190841104	0.3457191724
789	0.8192186923	0.3456098998
790	0.8189205411	0.345505924
791	0.819201995	0.3453058827
792	0.8196600148	0.3450520229
793	0.819630485	0.3449820219
794	0.8196638035	0.3448900275
795	0.8196721311	0.3448312738
796	0.8195329087	0.344683773
797	0.8199196565	0.3445027944
798	0.8198106673	0.3443206065
799	0.8199242564	0.3441366835
800	0.8201634877	0.3439301098
801	0.820234577	0.3438090712
802	0.8203269302	0.3437136001
803	0.8201458776	0.3436545509
804	0.8201754386	0.3435606771
805	0.8201505287	0.3434324798
806	0.8203612176	0.3433262822
807	0.8203861075	0.3431841361
808	0.8203861075	0.3431569916
809	0.8203103353	0.3430599447
810	0.8203482196	0.3429580081
811	0.8204038257	0.3426946832
812	0.8204536006	0.3425823675
813	0.8206217952	0.3425254073
814	0.8207900208	0.342311629
815	0.8210852283	0.3421507278
816	0.821337771	0.341891015
817	0.8213295118	0.341842366
818	0.8215028902	0.3416316187
819	0.8213328404	0.3413709537
820	0.8214500254	0.3411438023
821	0.8215506885	0.3410745947
822	0.8216728281	0.3410165029
823	0.8216348598	0.3409398913
824	0.8215886512	0.340845174
825	0.8217785173	0.3407135041
826	0.822153391	0.3404401945
827	0.8221996209	0.3403551684
828	0.8224904055	0.3400987931
829	0.8225582686	0.3399866981
830	0.8226724018	0.3399453006
831	0.822599288	0.3398813358
832	0.8225694605	0.3397265019
833	0.8226537217	0.3396200293
834	0.8227297947	0.3395890427
835	0.8227081503	0.3395522747
836	0.822814075	0.3393211336
837	0.822814075	0.3392666739
838	0.8230833256	0.3390955059
839	0.8231594525	0.3389572193
840	0.8233825094	0.3388924229
841	0.8232220475	0.3387796978
842	0.8233063584	0.3387295226
843	0.8233362623	0.3386430977
844	0.8234967623	0.3385335153
845	0.8238533808	0.3383314149
846	0.8240303619	0.3382338512
847	0.8239922247	0.3380981749
848	0.8242836643	0.3379859983
849	0.824267395	0.3378413519
850	0.8242917978	0.3377730373
851	0.824376244	0.3376551284
852	0.8243462162	0.3376299695
853	0.8243380855	0.3375546132
854	0.8243925017	0.3374589072
855	0.8244631618	0.3373405018
856	0.8245614035	0.3371576976
857	0.8247384501	0.3370346487
858	0.824806704	0.3369404677
859	0.8250439937	0.3366960022
860	0.825120415	0.3365824985
861	0.8250578972	0.3364756004
862	0.8251806559	0.3363531468
863	0.8250903029	0.3362231933
864	0.8249236182	0.3360762215
865	0.824939826	0.3359370377
866	0.8251029759	0.3356749246
867	0.8251955385	0.3354793394
868	0.8251874479	0.3353683026
869	0.8251955385	0.3351538958
870	0.8252418198	0.3350061905
871	0.8252741659	0.3349374353
872	0.8251596188	0.3348582138
873	0.8251838831	0.3347856163
874	0.8251434388	0.3347355276
875	0.8253204387	0.3346090557
876	0.8253806637	0.3344971212
877	0.8253725817	0.3344523377
878	0.8253725817	0.3343906656
879	0.825364499	0.3343642357
880	0.8254931012	0.3342739137
881	0.8257165347	0.3341687804
882	0.8257246041	0.3341446073
883	0.8257084645	0.3341121969
884	0.8257467006	0.3340886116
885	0.8257547694	0.3340032085
886	0.8257930076	0.333954571
887	0.8259540571	0.3338498821
888	0.8260164861	0.3337564292
889	0.8260164861	0.3335648318
890	0.8259298717	0.3335014706
891	0.8261373112	0.3333840348
892	0.8261695229	0.3330821241
893	0.8265381764	0.332887914
894	0.8264776728	0.3328057711
895	0.8265622829	0.3326423625
896	0.8265944143	0.3325903963
897	0.8267413857	0.3324940384
898	0.8267494095	0.332441637
899	0.8268723079	0.3322573171
900	0.8268544688	0.3321554263
901	0.8270175113	0.3320900354
902	0.8272188253	0.3319311288
903	0.8273257969	0.3318389641
904	0.8272954693	0.3318169061
905	0.8273481303	0.3317493459
906	0.827386469	0.3315283221
907	0.827618165	0.3313805973
908	0.8276789025	0.3312611362
909	0.8278642937	0.3311529804
910	0.8277651638	0.3309678642
911	0.8278882247	0.3308813596
912	0.8278115009	0.3308552284
913	0.8278434098	0.3305981333
914	0.8278210117	0.3305479962
915	0.8276532691	0.3304547443
916	0.8276612492	0.330411477
917	0.8277618298	0.3302957523
918	0.8277379023	0.3302287536
919	0.8277394565	0.3301579969
920	0.8279231304	0.3299778817
921	0.82818506	0.3298492633
922	0.8281163178	0.3298223519
923	0.8280779738	0.3297596328
924	0.828376876	0.329589668
925	0.8284708715	0.3294528455
926	0.8285555504	0.3293563819
927	0.8287712473	0.3292803187
928	0.8287937743	0.3290463396
929	0.8288480245	0.3287966607
930	0.8290095432	0.3286335961
931	0.828955293	0.3285348246
932	0.8289644313	0.328411419
933	0.8289181178	0.3283501886
934	0.8289723522	0.3282564897
935	0.8289644313	0.3282193044
936	0.8291338583	0.3281356218
937	0.829033304	0.3281186263
938	0.8290253845	0.3280217105
939	0.829033304	0.327976337
940	0.8291101126	0.3279630597
941	0.8293338275	0.3277488371
942	0.8293270344	0.3276313704
943	0.8293959607	0.3275460354
944	0.8294343818	0.3275376451
945	0.8294264801	0.3274900795
946	0.8293496387	0.3274506124
947	0.8294117647	0.3274093096
948	0.8295122968	0.3273410352
949	0.8294196656	0.3272799368
950	0.8294896731	0.3270956689
951	0.8296443786	0.3269928417
952	0.8296443786	0.326891709
953	0.8295438759	0.3268549878
954	0.8297438748	0.3266833106
955	0.8299055031	0.3266323236
956	0.8300977621	0.3264584459
957	0.8302673648	0.3262373972
958	0.8303215643	0.3261976477
959	0.8303137019	0.3260623885
960	0.8304990501	0.3259910564
961	0.8305767894	0.3257561072
962	0.8305226093	0.325644891
963	0.8305767894	0.3255890285
964	0.8308697465	0.325389301
965	0.8309160836	0.3252640687
966	0.8308925758	0.3251571742
967	0.8309924443	0.3250600308
968	0.8311086392	0.324981476
969	0.8312862109	0.3248720159
970	0.8313789108	0.3246647106
971	0.8314403597	0.3246300678
972	0.8314945299	0.324506781
973	0.8316028553	0.3244298006
974	0.8316799555	0.3243420964
975	0.8317336672	0.3242006558
976	0.8315950494	0.3240628764
977	0.8315872427	0.3239910237
978	0.8316414036	0.3238954961
979	0.8316179879	0.3238490524
980	0.8317180617	0.3237254291
981	0.8316951039	0.3236742818
982	0.8318108045	0.3235573175
983	0.8319035474	0.3233563018
984	0.8319651222	0.3233317941
985	0.8320731085	0.3232838765
986	0.8320886869	0.3231207708
987	0.8321428571	0.3229720927
988	0.8323667239	0.3228085606
989	0.8324675325	0.3226206833
990	0.8325833836	0.3224855834
991	0.8326375359	0.322352149
992	0.8327920572	0.3221561322
993	0.8325680627	0.3220002305
994	0.8327303089	0.3219255141
995	0.8325372165	0.3218808334
996	0.832544763	0.3217880444
997	0.832544763	0.3217059259
998	0.832575617	0.3215976209
999	0.8327070285	0.3214978316
1000	0.8327225495	0.321342411
1001	0.8327072028	0.3212125553
1002	0.8328077173	0.3211282289
1003	0.8330549369	0.321020584
1004	0.8329775385	0.3208543561
1005	0.8330703546	0.320669843
1006	0.8330703546	0.3205532344
1007	0.8331631706	0.320496147
1008	0.8331940964	0.320400613
1009	0.8332095441	0.3202465647
1010	0.8332482243	0.320198326
1011	0.8332946474	0.3201093389
1012	0.8337977152	0.3199702048
1013	0.8338441534	0.3198824466
1014	0.8338364371	0.319703542
1015	0.833983468	0.3194679186
1016	0.8338672981	0.3194227627
1017	0.8342082037	0.319311905
1018	0.8341617504	0.3191934082
1019	0.8341925596	0.3190785424
1020	0.8342931451	0.3189381077
1021	0.8342233573	0.3188696629
1022	0.8343162294	0.3188070327
1023	0.8342697934	0.3187715795
1024	0.8342620971	0.3187308122
1025	0.834215659	0.3187088467
1026	0.8341692208	0.3186536129
1027	0.8341538176	0.318559879
1028	0.8341384115	0.3184255109
1029	0.8343552583	0.3182803221
1030	0.8343008406	0.3181451117
1031	0.8344942881	0.3180001389
1032	0.8347115117	0.31791958
1033	0.8349365677	0.3177098741
1034	0.8349365677	0.3176183585
1035	0.8351617702	0.317449017
1036	0.8351924149	0.3173485537
1037	0.835308883	0.317268022
1038	0.8353165381	0.3172534788
1039	0.8354795221	0.3171734343
1040	0.8354406843	0.3170850239
1041	0.8353241924	0.3170656313
1042	0.8353241924	0.3169482566
1043	0.8354406843	0.3168696995
1044	0.83548717	0.3167911481
1045	0.8355648536	0.3167314339
1046	0.8354795221	0.3166899654
1047	0.8355648536	0.3166610439
1048	0.8357979911	0.316559104
1049	0.8357431773	0.3164794887
1050	0.8357348703	0.3163888627
1051	0.8356578336	0.3162881339
1052	0.8358437936	0.3161090217
1053	0.8358202017	0.3160243045
1054	0.8359672771	0.3159681465
1055	0.8359055411	0.3157391732
1056	0.8358979127	0.3156333272
1057	0.835928422	0.3155910373
1058	0.8360290017	0.3154919888
1059	0.8360213804	0.31544096
1060	0.8360610006	0.3153491618
1061	0.8361616068	0.3152134377
1062	0.8362554062	0.3150913703
1063	0.8363864609	0.3149840387
1064	0.8363475754	0.3149542923
1065	0.8364253499	0.314854559
1066	0.8364481636	0.3147742236
1067	0.8365563406	0.3147028468
1068	0.8365791308	0.3145448219
1069	0.8367735937	0.3144504057
1070	0.8368352547	0.3143848379
1071	0.8366720892	0.3142850179
1072	0.8366644975	0.3141484722
1073	0.8365791308	0.3141298102
1074	0.8366019147	0.3140432384
1075	0.8367963557	0.3138069827
1076	0.8367337454	0.3137302433
1077	0.8369348018	0.3134871078
1078	0.836802974	0.3133736017
1079	0.8369974436	0.3132922171
1080	0.8370514966	0.3131517868
1081	0.8371757925	0.31310354
1082	0.837292548	0.3130567688
1083	0.8373855237	0.312857536
1084	0.8373855237	0.3128191527
1085	0.8373001116	0.3127127027
1086	0.8372763188	0.3126771338
1087	0.8373930829	0.3125881244
1088	0.8374784994	0.3124577445
1089	0.8376330591	0.3122537576
1090	0.837671997	0.312207207
1091	0.8375853897	0.3120940834
1092	0.8375941248	0.3119847817
1093	0.8378039143	0.3119155893
1094	0.8378893538	0.3118867991
1095	0.8378579398	0.3118090881
1096	0.8378189932	0.3117158323
1097	0.8378566781	0.3116324792
1098	0.8378491425	0.3115751572
1099	0.8378730129	0.311422857
1100	0.8380288238	0.3113523304
1101	0.838106751	0.3112985174
1102	0.8382236689	0.3112138789
1103	0.8383152806	0.3111397115
1104	0.8383542538	0.3109956791
1105	0.8384307893	0.3109268557
1106	0.8384772706	0.3108623312
1107	0.8383993307	0.3107534681
1108	0.8383453405	0.3107123507
1109	0.8384082562	0.3105271255
1110	0.8385251999	0.3105023252
1111	0.8384937238	0.3104600805
1112	0.8384472338	0.3104090344
1113	0.8383542538	0.3102797815
1114	0.8385101832	0.3101505632
1115	0.8385566819	0.310041476
1116	0.8385641884	0.3099448598
1117	0.8385491746	0.3098488987
1118	0.8386811756	0.3097816656
1119	0.8386496792	0.3097185762
1120	0.8387741815	0.3096428347
1121	0.8386961778	0.3095936123
1122	0.8389842333	0.3093737651
1123	0.839038229	0.3093294147
1124	0.8389286711	0.3092972707
1125	0.8387576716	0.3092427572
1126	0.8387726639	0.3091606725
1127	0.8388041659	0.3090934115
1128	0.8388506602	0.3090484969
1129	0.839068167	0.3089963698
1130	0.8390606836	0.3089183532
1131	0.8392707655	0.3088187925
1132	0.8391686428	0.3087369876
1133	0.839207663	0.3086287815
1134	0.8391611643	0.3085173713
1135	0.8392242582	0.3084699875
1136	0.8392873756	0.3083561689
1137	0.8392483371	0.308300747
1138	0.8392483371	0.3082711257
1139	0.8393729358	0.3082028424
1140	0.8394435656	0.308170838
1141	0.8394360955	0.3081445672
1142	0.8395142153	0.3081003165
1143	0.8394360955	0.308006826
1144	0.8394510351	0.3079578268
1145	0.8394194539	0.3078840258
1146	0.8394510351	0.3078560991
1147	0.8395831395	0.3076926553
1148	0.8397934019	0.3075781791
1149	0.8399571854	0.3074535459
1150	0.8399571854	0.307397362
1151	0.8399571854	0.307327792
1152	0.8398641102	0.3073005775
1153	0.8398417501	0.3071720762
1154	0.8400204804	0.3070021262
1155	0.8400279265	0.3069129862
1156	0.8400837989	0.3068602021
1157	0.8400912434	0.3068456084
1158	0.8402085855	0.3068020008
1159	0.840059582	0.3067318383
1160	0.8400446907	0.3066913839
1161	0.8401377962	0.3066148014
1162	0.8400986873	0.306578525
1163	0.8401229108	0.3065553092
1164	0.8402477068	0.3065235063
1165	0.8404022534	0.306445663
1166	0.8403463042	0.3063853263
1167	0.8403314403	0.3063111228
1168	0.8403240073	0.3062381744
1169	0.8402141029	0.3061500907
1170	0.840485943	0.3059476
1171	0.8406478336	0.3057900532
1172	0.8406012938	0.3057422476
1173	0.840640417	0.3057223805
1174	0.8405938751	0.3057086588
1175	0.8407038451	0.3055957981
1176	0.8410710128	0.3053940238
1177	0.8410784131	0.3053293722
1178	0.8411080074	0.3052574719
1179	0.8411006099	0.3052256266
1180	0.841225497	0.3051580803
1181	0.8412868383	0.3050598092
1182	0.8413600373	0.3049759184
1183	0.841352648	0.3049447642
1184	0.8413600373	0.3049071455
1185	0.8415560214	0.3048143992
1186	0.8417326502	0.3044829571
1187	0.8417547618	0.3043980716
1188	0.8418331703	0.3043399267
1189	0.8418405365	0.304268691
1190	0.8418723801	0.3041619911
1191	0.841847902	0.3041147994
1192	0.8419973915	0.3040685961
1193	0.8419115935	0.3040555952
1194	0.8419336811	0.3039473008
1195	0.8420733979	0.3038126971
1196	0.8421518398	0.3036907635
1197	0.8423872531	0.3035553829
1198	0.8423824393	0.3034720242
1199	0.842507574	0.3033813417
1200	0.8425934558	0.303350733
1201	0.8426081283	0.3032561961
1202	0.8426400671	0.303218167
1203	0.84248299	0.3031307719
1204	0.8424903304	0.3030638478
1205	0.84248299	0.3029652345
1206	0.8426007924	0.3029080944
1207	0.8425541832	0.3028432163
1208	0.842632732	0.3027125518
1209	0.8427799012	0.3026101563
1210	0.8428265125	0.3025913441
1211	0.8428238583	0.3025598478
1212	0.842784586	0.3025404588
1213	0.8426913937	0.3024840241
1214	0.8427699334	0.3024001472
1215	0.842902414	0.3022350026
1216	0.8429709706	0.3020444165
1217	0.8429929184	0.3019828417
1218	0.8429929184	0.3019548735
1219	0.8430102516	0.3019429198
1220	0.8431034483	0.3018692931
1221	0.8431107591	0.3018627137
1222	0.843039508	0.3018186227
1223	0.8429856031	0.3017761824
1224	0.8429782872	0.3016276994
1225	0.8429856031	0.3015976058
1226	0.8431208054	0.3015472371
1227	0.8431208054	0.3014850427
1228	0.8431674124	0.3014423084
1229	0.8432460147	0.3014137139
1230	0.8433392374	0.3013724289
1231	0.8432825388	0.3011942836
1232	0.8433044451	0.3010831412
1233	0.8432185622	0.3009936506
1234	0.8432825388	0.300847788
1235	0.8433291393	0.3007588586
1236	0.8433291393	0.3007357934
1237	0.8433757398	0.3007235585
1238	0.8433291393	0.3006602257
1239	0.8433364399	0.3006341399
1240	0.8433437398	0.3006008486
1241	0.8434077457	0.3005357978
1242	0.8434369321	0.3004732185
1243	0.8435621418	0.300433393
1244	0.8435155413	0.3003187725
1245	0.8435054044	0.3002626992
1246	0.843741262	0.3001461024
1247	0.8437733035	0.3000776716
1248	0.8438446837	0.3000008688
1249	0.8437587396	0.2999172523
1250	0.8436261944	0.2997678438
1251	0.8437980702	0.2997153568
1252	0.8438767423	0.2995872077
1253	0.8439481537	0.2995585389
1254	0.8440704829	0.299521965
1255	0.8439772515	0.2994726671
1256	0.8441098317	0.2994118761
1257	0.8441098317	0.2993010388
1258	0.8441667444	0.2992528048
1259	0.8442206369	0.2992199584
1260	0.8442206369	0.299160112
1261	0.8442527396	0.2991223468
1262	0.8443066306	0.2990951509
1263	0.8442993705	0.2990001676
1264	0.8447575941	0.2988187491
1265	0.8447720804	0.2987547987
1266	0.8448042555	0.2986504216
1267	0.8448187375	0.2985641402
1268	0.8448332167	0.2985048405
1269	0.8448259774	0.2982607603
1270	0.8449297681	0.2982140702
1271	0.8449836678	0.2980941143
1272	0.8450375624	0.2979961391
1273	0.845170322	0.2979530761
1274	0.8451453366	0.2979233791
1275	0.8452314296	0.297828657
1276	0.8452314296	0.2978003357
1277	0.8452708693	0.2977434824
1278	0.8452136593	0.2976835286
1279	0.8452603098	0.2975729851
1280	0.8452747458	0.2975343892
1281	0.8453536107	0.2974908439
1282	0.8453786218	0.2974509961
1283	0.8453391807	0.2973990515
1284	0.8453391807	0.2973662455
1285	0.8453391807	0.2973320868
1286	0.8454863541	0.2971450997
1287	0.8455402127	0.2970882387
1288	0.8455868632	0.2970328134
1289	0.8456801642	0.2969463569
1290	0.845798535	0.2967941917
1291	0.845845192	0.2967805898
1292	0.8458523841	0.296745381
1293	0.8458057292	0.2966067013
1294	0.8458990389	0.2964355498
1295	0.846010266	0.29630555
1296	0.8461825649	0.2961204598
1297	0.8464052288	0.2960500482
1298	0.8463190327	0.2960088954
1299	0.8462975068	0.2959647374
1300	0.8464447453	0.2958758864
1301	0.8464914328	0.2958261423
1302	0.846577645	0.2957705841
1303	0.8467033993	0.2956878626
1304	0.8467500934	0.2956181144
1305	0.8470198057	0.295519082
1306	0.8470198057	0.2954427327
1307	0.8470198057	0.2954062763
1308	0.8470159709	0.2952456913
1309	0.8470231146	0.2951794581
1310	0.8471742177	0.2951263911
1311	0.8472209248	0.2950987498
1312	0.8471417897	0.2950588477
1313	0.8472280603	0.2950110965
1314	0.8474188274	0.2949547519
1315	0.8473792395	0.2949377965
1316	0.8474006259	0.2948826815
1317	0.8473610462	0.2947558148
1318	0.8476310625	0.294666223
1319	0.8475803438	0.2945824723
1320	0.8476635514	0.2944873474
1321	0.8476381816	0.2944241589
1322	0.8476381816	0.2944181287
1323	0.8475407539	0.2943592915
1324	0.8477458538	0.294254643
1325	0.8479185161	0.2940924752
1326	0.8479043035	0.2939992013
1327	0.8479835506	0.2939553894
1328	0.848041507	0.29392425
1329	0.8480089736	0.2938983208
1330	0.8480770129	0.2937377498
1331	0.8482752174	0.293690554
1332	0.8481817332	0.2936463431
1333	0.8482284753	0.2935981163
1334	0.8483219594	0.2935039928
1335	0.8485599402	0.293372424
1336	0.8485528592	0.2932681019
1337	0.8485528592	0.2932437931
1338	0.8485925372	0.2932127656
1339	0.8487583594	0.2931228771
1340	0.8486789806	0.2930180078
1341	0.8486279276	0.2928614083
1342	0.8486676017	0.292832931
1343	0.8487072794	0.2927545833
1344	0.8488872265	0.2926874081
1345	0.8489339817	0.2925289711
1346	0.8490274921	0.2924432025
1347	0.8487611033	0.2922972835
1348	0.8488149222	0.2922631441
1349	0.8487171099	0.2921726216
1350	0.8489763485	0.2921015835
1351	0.8491280565	0.2918847322
1352	0.8491024682	0.2917855624
1353	0.8490486653	0.2917537859
1354	0.8490557218	0.2916932239
1355	0.849088359	0.2916563683
1356	0.849095414	0.2915982702
1357	0.8492074625	0.2915642637
1358	0.8491607051	0.291505657
1359	0.8493804068	0.2913241245
1360	0.8493919551	0.2912960768
1361	0.8493406902	0.2912410346
1362	0.8496982738	0.2911260938
1363	0.8496514946	0.2911136083
1364	0.8497169326	0.2910941505
1365	0.8497239637	0.2910615196
1366	0.8496912425	0.2909976979
1367	0.8495463474	0.2909495604
1368	0.8495860811	0.2908423683
1369	0.8496258185	0.2907963472
1370	0.8499298081	0.2906999207
1371	0.8500491412	0.2905768195
1372	0.8499555389	0.2905432396
1373	0.8500631756	0.2903980436
1374	0.849990642	0.2903250358
1375	0.8502621232	0.2902311051
1376	0.8503955437	0.2901192997
1377	0.8504353525	0.2900623701
1378	0.8504283507	0.289912642
1379	0.8504213483	0.2898975494
1380	0.8504143452	0.2898632056
1381	0.8504681648	0.2897730665
1382	0.8505827833	0.2896967674
1383	0.8506414458	0.2895312092
1384	0.8507071275	0.2893069682
1385	0.8510070258	0.2890770099
1386	0.8510209816	0.2889304148
1387	0.851088738	0.2887777265
1388	0.8511564753	0.2886721329
1389	0.8510558599	0.2886257967
1390	0.851088738	0.2885434745
1391	0.8511754238	0.288485226
1392	0.8513488198	0.2884284538
1393	0.8512621177	0.2883320286
1394	0.8513159127	0.2882552422
1395	0.8514424878	0.2882337389
1396	0.8513488198	0.2880941933
1397	0.8513557814	0.2880224454
1398	0.8513886937	0.2879096014
1399	0.8514216123	0.2878827441
1400	0.8515881196	0.287742382
1401	0.8516488664	0.2876623837
1402	0.851742552	0.2876127634
1403	0.8516159251	0.2875381711
1404	0.8518900183	0.2874092423
1405	0.8520357963	0.2871456159
1406	0.8520219296	0.287060733
1407	0.8522753902	0.2869314047
1408	0.8523014906	0.2868805859
1409	0.8522232114	0.2868397221
1410	0.8522700651	0.2868070761
1411	0.8522769865	0.2867694559
1412	0.8524628579	0.2867070916
1413	0.8523360982	0.2866507164
1414	0.8523829608	0.2865862154
1415	0.8523829608	0.2865498842
1416	0.8525220326	0.2864724224
1417	0.8524490274	0.2863327584
1418	0.8526212135	0.2862050175
1419	0.8526019691	0.286087287
1420	0.8526681047	0.2860497945
1421	0.8526088791	0.2859699611
1422	0.8526488514	0.2859496971
1423	0.8527495195	0.2858454421
1424	0.8527549824	0.2857867208
1425	0.8528956624	0.2857080028
1426	0.8529094575	0.2856512236
1427	0.8528956624	0.2856241293
1428	0.8529756601	0.2855955487
1429	0.8531688324	0.2854514607
1430	0.8532958011	0.2853304523
1431	0.8534765882	0.285194153
1432	0.8535704232	0.2851628929
1433	0.8537306429	0.2850507927
1434	0.8538977801	0.2849855137
1435	0.8537981514	0.2848840906
1436	0.8538382132	0.2848417965
1437	0.8538050108	0.2847727836
1438	0.8539320571	0.2847228346
1439	0.8538988458	0.2846834428
1440	0.8539389105	0.2845316487
1441	0.8539057002	0.2844631782
1442	0.8538587849	0.2843997366
1443	0.853946813	0.2842551675
1444	0.8540806754	0.2841858014
1445	0.8539742087	0.2840360991
1446	0.8540875193	0.2840246037
1447	0.8539937151	0.283911338
1448	0.8539800178	0.2838825591
1449	0.8541471195	0.2838131047
1450	0.8541012053	0.283778223
1451	0.8542213884	0.2836970672
1452	0.8543416053	0.2836455211
1453	0.8541608031	0.2835873616
1454	0.8541207374	0.2834776366
1455	0.8540806754	0.2834398109
1456	0.8541744841	0.2833778879
1457	0.8541813236	0.2833304769
1458	0.8541676439	0.2832790506
1459	0.8544149385	0.2832480968
1460	0.8543885162	0.2831064579
1461	0.854449083	0.2830477136
1462	0.8544550274	0.282852808
1463	0.8543211035	0.2827267186
1464	0.8543279381	0.28271274
1465	0.8545488669	0.282667926
1466	0.8545019472	0.2826509154
1467	0.8545753168	0.2825812529
1468	0.8546026086	0.2825240758
1469	0.8547433612	0.2824475839
1470	0.8549106095	0.2823704618
1471	0.8549106095	0.2823188713
1472	0.8548568747	0.2822431296
1473	0.8548167613	0.2821785805
1474	0.8549371128	0.2820683045
1475	0.8550643011	0.2820246367
1476	0.855265011	0.2819847231
1477	0.8551847158	0.2818475915
1478	0.8551915133	0.2818203285
1479	0.8551445738	0.2817186031
1480	0.8551445738	0.2816147983
1481	0.8550976342	0.2815249019
1482	0.8550976342	0.2814615114
1483	0.855137774	0.2813799769
1484	0.8550309743	0.2813470513
1485	0.8550241705	0.2813204855
1486	0.8550241705	0.2812947889
1487	0.855017366	0.2812643319
1488	0.8550643011	0.281244371
1489	0.8550711034	0.2812225524
1490	0.8551180363	0.2811737392
1491	0.855077905	0.2811124178
1492	0.8551316345	0.2809697969
1493	0.855178563	0.2808984791
1494	0.8552322853	0.2808378769
1495	0.8553125587	0.2807738818
1496	0.8554397822	0.280691375
1497	0.8555065252	0.280604922
1498	0.855620246	0.2805295011
1499	0.855620246	0.2805106733
1500	0.8557276995	0.2804350439
1501	0.8558012866	0.2803952133
1502	0.8557945154	0.2803594572
1503	0.8558681257	0.2803038421
1504	0.8558681257	0.2802848825
1505	0.8560022544	0.2802369483
1506	0.8561968722	0.2800642456
1507	0.85631752	0.2800455391
1508	0.8562773003	0.2800369095
1509	0.8563509959	0.2799895114
1510	0.8564179665	0.2798901906
1511	0.8565119338	0.2798267306
1512	0.8565051919	0.2797951554
1513	0.8564984494	0.2797567464
1514	0.8567802585	0.2796894958
1515	0.8569145436	0.2795870219
1516	0.8570287165	0.2794564455
1517	0.8570891489	0.2793253795
1518	0.8571294295	0.279307757
1519	0.8570958647	0.2792183869
1520	0.8573040045	0.2791300163
1521	0.8575122226	0.2789115277
1522	0.8574786124	0.2787151343
1523	0.8575256181	0.278613559
1524	0.8573510058	0.2785490216
1525	0.857505524	0.2784509665
1526	0.8575256181	0.2783994586
1527	0.8576062429	0.2783527482
1528	0.8576868829	0.2782934659
1529	0.8576129366	0.2782215374
1530	0.8577608501	0.2780725819
1531	0.8577608501	0.2779504847
1532	0.8579625623	0.2779158247
1533	0.8580363021	0.2778384542
1534	0.8580699774	0.2778011281
1535	0.8582988333	0.2776590691
1536	0.858258456	0.2775906731
1537	0.8584670399	0.2775334177
1538	0.8584803576	0.2774922715
1539	0.858534061	0.2773742729
1540	0.8585877593	0.2773060531
1541	0.8585003293	0.2772509207
1542	0.8587023009	0.2771103988
1543	0.8588639465	0.2770508039
1544	0.8589447922	0.2770004855
1545	0.8588639465	0.2769050241
1546	0.8589043675	0.2768640909
1547	0.8589043675	0.2768559167
1548	0.8588910854	0.2767157442
1549	0.8589176471	0.2766211216
1550	0.8591065292	0.276481872
1551	0.8591940495	0.2764150942
1552	0.8594971278	0.2763330248
1553	0.8594095767	0.2762566047
1554	0.859402957	0.2761641026
1555	0.8595177545	0.2761324298
1556	0.8596392068	0.2760594127
1557	0.8596119431	0.2760372245
1558	0.8596458176	0.2759683219
1559	0.8596730887	0.2758610265
1560	0.8596664782	0.2757951945
1561	0.8596193706	0.2757561958
1562	0.8596598672	0.2757031528
1563	0.8597201941	0.2756725069
1564	0.859706977	0.2756143398
1565	0.8600914189	0.2753731427
1566	0.860131951	0.2753006263
1567	0.8602403959	0.275215944
1568	0.8602601565	0.2751514864
1569	0.8602327883	0.275090356
1570	0.8603007023	0.2750232601
1571	0.8604355204	0.2749532288
1572	0.8604958054	0.2748607111
1573	0.8604684039	0.2747964926
1574	0.8605023799	0.2747432082
1575	0.8607326387	0.2746766862
1576	0.8608884278	0.274596156
1577	0.8610167893	0.2744488772
1578	0.8610167893	0.274428215
1579	0.860989296	0.2743839964
1580	0.8608138055	0.2743275093
1581	0.8610102344	0.2741961783
1582	0.8610639502	0.2741096475
1583	0.8612866711	0.2740467188
1584	0.861348304	0.2740074857
1585	0.861348304	0.2739559323
1586	0.8613417626	0.2739377952
1587	0.8613076705	0.2739092138
1588	0.8615711253	0.2738648564
1589	0.8614832987	0.2737619009
1590	0.8614491933	0.2737098512
1591	0.8615174106	0.2736255218
1592	0.8614832987	0.2735868383
1593	0.861605247	0.2734609944
1594	0.8616654871	0.2734043547
1595	0.8617468032	0.2733752113
1596	0.8617402794	0.2733593392
1597	0.8617337549	0.2732974614
1598	0.8618281346	0.273236382
1599	0.861868806	0.2732236358
1600	0.8619501605	0.2732103682
1601	0.8620315303	0.2731856693
1602	0.8619501605	0.2731453644
1603	0.8619501605	0.2730923607
1604	0.8618818422	0.2729550976
1605	0.8620380422	0.2728806297
1606	0.8619908434	0.2728430205
1607	0.8619778145	0.2727932051
1608	0.8619778145	0.2727615399
1609	0.8620591984	0.2727225829
1610	0.8621405977	0.272659316
1611	0.8621813031	0.2726233239
1612	0.8623294462	0.2725238559
1613	0.8627089827	0.2724633907
1614	0.8627562104	0.2723677588
1615	0.8625932572	0.2722716487
1616	0.862554317	0.2722402266
1617	0.8627645503	0.2720565442
1618	0.8627988283	0.2719599654
1619	0.8630842667	0.2718773822
1620	0.8632603866	0.2718172692
1621	0.8632409946	0.2717823421
1622	0.8632603866	0.2717415738
1623	0.8633290786	0.2716908489
1624	0.8632001891	0.2716294553
1625	0.8632539232	0.2715588353
1626	0.8632409946	0.2714906956
1627	0.8632409946	0.2714717691
1628	0.8633226172	0.2714137424
1629	0.863281804	0.2713791195
1630	0.8631658553	0.2712819303
1631	0.8631658553	0.2712202629
1632	0.8632345294	0.2711776247
1633	0.8633011912	0.2711124299
1634	0.8633484591	0.2710079631
1635	0.8636621583	0.270937985
1636	0.8640964995	0.2707270718
1637	0.864124521	0.2706980891
1638	0.8641373764	0.2706516556
1639	0.8640964995	0.2706104852
1640	0.8641502294	0.2705542666
1641	0.864156655	0.2705352981
1642	0.86416308	0.2704962322
1643	0.8643674898	0.2704031882
1644	0.864135061	0.2703118363
1645	0.8642232206	0.2702850407
1646	0.8643458519	0.2701349081
1647	0.8642921338	0.2701143113
1648	0.8643803217	0.270039945
1649	0.8646232439	0.2699124261
1650	0.8646922458	0.269841384
1651	0.8647740714	0.2697400826
1652	0.8648213863	0.269696129
1653	0.8649914821	0.2695645324
1654	0.8650106458	0.2694461363
1655	0.8651270645	0.2693324623
1656	0.8651206815	0.2692893779
1657	0.8650388037	0.2692668298
1658	0.8651552442	0.2692252471
1659	0.8652153336	0.2691490624
1660	0.8652280901	0.2690894886
1661	0.8652972359	0.2690369011
1662	0.865269036	0.269006543
1663	0.865391897	0.2689005685
1664	0.8653099858	0.2688852283
1665	0.8653855256	0.268844763
1666	0.8655430357	0.2687344777
1667	0.8653445665	0.2686233946
1668	0.8654674556	0.2685524676
1669	0.865555766	0.2685045746
1670	0.8656440846	0.2684329746
1671	0.8656440846	0.2684116357
1672	0.8655967429	0.2683889609
1673	0.8655684938	0.2683254654
1674	0.8656221896	0.2682607697
1675	0.8654929244	0.2682374792
1676	0.8655593413	0.2680766174
1677	0.8654710642	0.2679789291
1678	0.8655056552	0.2679445669
1679	0.8655593413	0.2678660817
1680	0.8656130223	0.2677538045
1681	0.8657140153	0.2676588837
1682	0.8657768943	0.2676113426
1683	0.865817872	0.267576528
1684	0.8659281352	0.2675395042
1685	0.8660037879	0.2675112728
1686	0.8660701605	0.2673983726
1687	0.865975477	0.2673221297
1688	0.8660164757	0.2672479933
1689	0.8659818216	0.2672086757
1690	0.8660291611	0.2671438465
1691	0.8662215277	0.2670629722
1692	0.8661394952	0.2669530388
1693	0.8661805095	0.2669244241
1694	0.866256216	0.2668254072
1695	0.8662625497	0.2667989572
1696	0.8665434906	0.2667273762
1697	0.8665434906	0.26670786
1698	0.8663729809	0.2666640154
1699	0.8664140218	0.266621024
1700	0.8665624556	0.2665272702
1701	0.8666982473	0.2664627289
1702	0.8667803676	0.2664421117
1703	0.866878347	0.2663270059
1704	0.8668151237	0.2662428696
1705	0.8667393055	0.2661849072
1706	0.8667329922	0.2661205327
1707	0.8668214336	0.26605603
1708	0.8667961901	0.2659750283
1709	0.8668720379	0.2659227864
1710	0.8669763914	0.2658750274
1711	0.8669289845	0.265843298
1712	0.8668657282	0.2657411824
1713	0.866878347	0.2657156507
1714	0.8669890027	0.2656350946
1715	0.8668531071	0.2655552472
1716	0.8668531071	0.2655265288
1717	0.8667772512	0.2654848586
1718	0.8667361736	0.2654366509
1719	0.8667361736	0.2654297038
1720	0.8667677438	0.2653328435
1721	0.8668498863	0.26526059
1722	0.8668498863	0.2652466292
1723	0.8668151237	0.2652088801
1724	0.8668340518	0.2650573548
1725	0.8668751184	0.265016091
1726	0.86684036	0.2649789972
1727	0.8669635666	0.2649119705
1728	0.8670172446	0.2648361934
1729	0.8670583219	0.2647579887
1730	0.8670457238	0.2646918445
1731	0.8670109442	0.2646773341
1732	0.8672323079	0.2645753334
1733	0.8671974975	0.2645313572
1734	0.8672637665	0.264453694
1735	0.8673522582	0.2644049198
1736	0.8674818712	0.264271036
1737	0.8676400872	0.2642151736
1738	0.8676052332	0.2641155837
1739	0.8675041479	0.2639670103
1740	0.8676275365	0.2639373193
1741	0.8676149834	0.2639010374
1742	0.8678269942	0.2638078392
1743	0.8679093151	0.2636757349
1744	0.8680390855	0.2635809388
1745	0.8680740038	0.2634825026
1746	0.8680328258	0.2634760605
1747	0.8679916516	0.2634357438
1748	0.8679567445	0.2633802165
1749	0.867997913	0.2633057509
1750	0.8680390855	0.2632138441
1751	0.8680802618	0.2631362138
1752	0.8680802618	0.2630571435
1753	0.8680802618	0.2628616995
1754	0.8682038144	0.2628051689
1755	0.8682924515	0.2627858417
1756	0.8685109614	0.2627357666
1757	0.8685109614	0.2627060957
1758	0.8685584132	0.2626896168
1759	0.8685996299	0.2626254298
1760	0.8685933941	0.2625632415
1761	0.8685996299	0.2625466886
1762	0.8686408504	0.2624859299
1763	0.8687995443	0.2623643461
1764	0.8689481678	0.2622572548
1765	0.8689831957	0.262177606
1766	0.8689481678	0.2620928609
1767	0.8689481678	0.2620271872
1768	0.8689007025	0.2620000986
1769	0.8689007025	0.2619386927
1770	0.8691193924	0.2618647397
1771	0.8690657045	0.2618485462
1772	0.8690306655	0.2618068863
1773	0.8691668645	0.2617303974
1774	0.869325736	0.2615789226
1775	0.8693958967	0.2614626309
1776	0.8694495892	0.261377541
1777	0.8694908815	0.2613583512
1778	0.8695383739	0.2613339351
1779	0.8694970794	0.2613140665
1780	0.8694970794	0.2613064157
1781	0.8694908815	0.261276299
1782	0.8694433891	0.2612502356
1783	0.8697035911	0.2611562305
1784	0.8697035911	0.2611456392
1785	0.8696209746	0.2610529677
1786	0.8697035911	0.2609712802
1787	0.8696622809	0.2607906027
1788	0.8697387173	0.2607242565
1789	0.8697862233	0.2606744767
1790	0.8698522776	0.260577404
1791	0.8698171456	0.260532573
1792	0.8698109623	0.2604604033
1793	0.8700422743	0.2603570802
1794	0.8700959438	0.2603077884
1795	0.870019471	0.2602701142
1796	0.8700256435	0.260228587
1797	0.8701557751	0.2601505643
1798	0.8701909376	0.2601086438
1799	0.8701557751	0.2600563618
1800	0.8702736082	0.2600111652
1801	0.8702859314	0.2599695832
1802	0.8703334283	0.2599317607
1803	0.8703395868	0.2598492084
1804	0.87049266	0.2596952166
1805	0.87049266	0.2596393932
1806	0.87049266	0.2595925048
1807	0.8704988124	0.2595521423
1808	0.8707761038	0.2594752544
1809	0.8706458205	0.2593641191
1810	0.8706642592	0.2593472511
1811	0.8708359074	0.2592518474
1812	0.8707592892	0.2592312657
1813	0.8708068041	0.2591625833
1814	0.8708711563	0.25905482
1815	0.8710597632	0.2589850384
1816	0.8710781517	0.2589645805
1817	0.8710490042	0.2589476003
1818	0.8711440658	0.258849578
1819	0.8709953418	0.2587696277
1820	0.8712621821	0.2587192733
1821	0.871475441	0.2586436971
1822	0.8713864587	0.2586050593
1823	0.8715399981	0.258535631
1824	0.8715583242	0.2585051275
1825	0.8714048015	0.2584071122
1826	0.8715107708	0.2583206208
1827	0.8713864587	0.2582802354
1828	0.871475441	0.2581871537
1829	0.8715168806	0.2581716385
1830	0.8714523413	0.2581309058
1831	0.8714170271	0.2581066074
1832	0.8714231391	0.2580594318
1833	0.871493772	0.2580269953
1834	0.8716425006	0.2579506651
1835	0.8715949608	0.2579114286
1836	0.8716425006	0.2578704531
1837	0.8717022389	0.2577599659
1838	0.8717144351	0.2577067056
1839	0.8716791027	0.2575867389
1840	0.8718509364	0.2574617386
1841	0.8719813653	0.2573933613
1842	0.8721886739	0.2573606367
1843	0.8723545917	0.2573107109
1844	0.8724315068	0.25716524
1845	0.8722888128	0.2571237252
1846	0.8725023787	0.2570570115
1847	0.8724963129	0.2570153303
1848	0.8725560154	0.2569448312
1849	0.8725560154	0.2569129026
1850	0.8726157066	0.256775029
1851	0.872609647	0.2567223431
1852	0.8725205727	0.256689714
1853	0.8726035869	0.2566717991
1854	0.8725914649	0.2566484393
1855	0.8726684431	0.2565878517
1856	0.8725499524	0.2565564779
1857	0.8725499524	0.2565511813
1858	0.8726745016	0.2565096789
1859	0.8725975262	0.2564819697
1860	0.8725620778	0.2563991334
1861	0.8726511584	0.2563498955
1862	0.8727817689	0.2562816418
1863	0.8728172432	0.2561989756
1864	0.8727696627	0.2561576322
1865	0.8729063571	0.2560959105
1866	0.8729124042	0.2560781461
1867	0.8728708726	0.2560657864
1868	0.8729539399	0.2560447587
1869	0.8729124042	0.2560063852
1870	0.8728232943	0.2559457106
1871	0.8727696627	0.2558672846
1872	0.8728111915	0.2557944618
1873	0.8729124042	0.2557763786
1874	0.8729954794	0.2556924568
1875	0.8730015226	0.2556569585
1876	0.8730015226	0.2556105965
1877	0.8730491054	0.2555564758
1878	0.8729720729	0.2555123234
1879	0.8729244969	0.2553398515
1880	0.8729599848	0.2553067723
1881	0.8729184509	0.2552031585
1882	0.8729244969	0.2551877215
1883	0.8730430645	0.2551072678
1884	0.8730015226	0.25509099
1885	0.8730015226	0.2550750249
1886	0.8730075653	0.2550141922
1887	0.8730136074	0.2550082633
1888	0.8729599848	0.254968474
1889	0.8729599848	0.2549373027
1890	0.8730196489	0.2547968767
1891	0.8730317302	0.2547110237
1892	0.8730256898	0.2546682333
1893	0.8730498478	0.2545590815
1894	0.8731744446	0.2544294293
1895	0.8732575289	0.2543826584
1896	0.8732575289	0.254329537
1897	0.8733460257	0.2542322643
1898	0.8734291698	0.2541430899
1899	0.8734056729	0.2540761915
1900	0.8734116975	0.2539663325
1901	0.8734592871	0.2539178045
1902	0.8733761599	0.2538606692
1903	0.8735900243	0.2538016703
1904	0.8737267968	0.2537302637
1905	0.8738159836	0.2536334617
1906	0.8739407788	0.2535636601
1907	0.8739883843	0.2535420012
1908	0.8739527799	0.2534770975
1909	0.8739823851	0.253461911
1910	0.8739823851	0.2534512992
1911	0.874041986	0.2533840022
1912	0.8740835952	0.2533092944
1913	0.8740776006	0.2532808544
1914	0.874041986	0.2531563981
1915	0.874041986	0.2531019745
1916	0.8740123751	0.2530599278
1917	0.8740479817	0.2530327966
1918	0.8740063782	0.2529688977
1919	0.8740659654	0.2528555264
1920	0.8741788061	0.2527794634
1921	0.8743453004	0.2526578851
1922	0.8743453004	0.2526303064
1923	0.8743512832	0.2526112449
1924	0.8744345507	0.2524654509
1925	0.8745058818	0.2524336698
1926	0.8745475329	0.2524112719
1927	0.8745475329	0.2523820135
1928	0.8745832143	0.2522949909
1929	0.8745832143	0.2522919684
1930	0.8746308469	0.2522813111
1931	0.8746963852	0.2521898808
1932	0.8746487593	0.2521180825
1933	0.8746071054	0.2520686422
1934	0.8745357585	0.2520056836
1935	0.8745714286	0.251937796
1936	0.8745297843	0.2518952112
1937	0.8745238095	0.2518717412
1938	0.8745238095	0.2518227226
1939	0.8745238095	0.2517583096
1940	0.8746487593	0.2516757367
1941	0.8745594819	0.2516375807
1942	0.8746427891	0.2516000616
1943	0.8746844487	0.2515671873
1944	0.8747677797	0.2515105513
1945	0.8748511267	0.2514826275
1946	0.8749285306	0.2514602516
1947	0.8751370157	0.251337619
1948	0.8752740444	0.2512749566
1949	0.8751608138	0.2512190249
1950	0.875202516	0.2511618563
1951	0.8752620545	0.2510821764
1952	0.875351408	0.2510270836
1953	0.8752679975	0.2509978319
1954	0.8752679975	0.2509878288
1955	0.8753454684	0.2508685734
1956	0.8754348344	0.2508345059
1957	0.8755301406	0.2508062642
1958	0.8755479322	0.2507027754
1959	0.8756849478	0.2505900078
1960	0.8756313733	0.2505179878
1961	0.8757089072	0.2504983038
1962	0.875667175	0.2504853377
1963	0.875667175	0.2504632604
1964	0.8758758759	0.2503640461
1965	0.8759117128	0.250238959
1966	0.8758282092	0.2502087309
1967	0.8758282092	0.2501637647
1968	0.8759235426	0.2500833789
1969	0.8759712093	0.2500612698
1970	0.8759712093	0.2500439834
1971	0.8759117128	0.2499794639
1972	0.8759117128	0.2499086082
1973	0.8761264483	0.2498064348
1974	0.8762935762	0.2497295921
1975	0.8762635895	0.2496478777
1976	0.8762694893	0.2496266531
1977	0.8762635895	0.2496064663
1978	0.8763412657	0.2495729056
1979	0.8764666603	0.2495624652
1980	0.8763948498	0.2495318981
1981	0.876484334	0.2495100606
1982	0.8764902241	0.2494658576
1983	0.8765320235	0.249410161
1984	0.8764961137	0.2493754628
1985	0.8766450505	0.2493071454
1986	0.8765078911	0.2492329014
1987	0.8765496853	0.2492160707
1988	0.876513779	0.2491589867
1989	0.8765496853	0.2491003396
1990	0.8765855985	0.2490823302
1991	0.8766391684	0.2490457407
1992	0.8766692102	0.2489822819
1993	0.8766274024	0.2489584728
1994	0.8766332856	0.2488723889
1995	0.8765496853	0.2487656515
1996	0.8765437986	0.2486907669
1997	0.876561457	0.2486698975
1998	0.8765973679	0.2486338109
1999	0.8766391684	0.2486138766
2000	0.8766091351	0.2485391652
2001	0.8766032518	0.2484502422
2002	0.8766032518	0.2484239053
2003	0.8766509322	0.2484120813
2004	0.8766927332	0.2483669684
2005	0.8767169019	0.2483137129
2006	0.8767227812	0.2482690554
2007	0.8767645937	0.2482227408
2008	0.8767704707	0.2481377301
2009	0.8769076688	0.2480744308
2010	0.8769494921	0.24805141
2011	0.876943623	0.2480215077
2012	0.876943623	0.2480002132
2013	0.8771109627	0.2479308396
2014	0.8771528076	0.2479029511
2015	0.8772298006	0.2478463221
2016	0.877331044	0.2478198251
2017	0.877235656	0.2477469732
2018	0.8773193418	0.2476444014
2019	0.8773251932	0.2476234718
2020	0.8772950546	0.2475939024
2021	0.8770441001	0.2474920338
2022	0.8771218768	0.2474635698
2023	0.8771519863	0.247426227
2024	0.8771218768	0.2473538027
2025	0.8772590721	0.24725323
2026	0.877331044	0.2471914514
2027	0.877378738	0.2471376648
2028	0.8775159783	0.2470301909
2029	0.8775519939	0.2469394991
2030	0.8777077965	0.2468668325
2031	0.8776775917	0.2468027651
2032	0.8777194656	0.2466945623
2033	0.8777252994	0.2465959949
2034	0.8778032255	0.2465551466
2035	0.8778090558	0.2465129133
2036	0.8778090558	0.2464915602
2037	0.8778870013	0.2463706264
2038	0.8778451114	0.2463447348
2039	0.8780126951	0.2461756112
2040	0.878054601	0.2461401005
2041	0.8780965109	0.2461157526
2042	0.8780126951	0.2460976782
2043	0.8781745274	0.2460636647
2044	0.8781384248	0.2460275694
2045	0.8781803427	0.2460155521
2046	0.8784435426	0.2459098865
2047	0.8783119301	0.2458835154
2048	0.8783957985	0.2458080887
2049	0.8783480544	0.2457473757
2050	0.8785635834	0.2456785799
2051	0.8787126349	0.245537398
2052	0.8787545962	0.2454666314
2053	0.8788327443	0.2454021304
2054	0.8789282644	0.2453729322
2055	0.878838531	0.2453375365
2056	0.878838531	0.2453001323
2057	0.878838531	0.2452266352
2058	0.8789760245	0.2451217674
2059	0.8789818043	0.2450341597
2060	0.8789760245	0.2449500987
2061	0.8791859743	0.2449098061
2062	0.8791802026	0.2448803586
2063	0.8792699823	0.2448286682
2064	0.8792395147	0.2447945031
2065	0.8793540064	0.2447591097
2066	0.8793902614	0.2447114392
2067	0.8793787336	0.2446611966
2068	0.8793844978	0.2446560064
2069	0.8793367103	0.2446303938
2070	0.8793424762	0.2446093294
2071	0.8794380465	0.2445519638
2072	0.8794438073	0.2444883423
2073	0.8794322852	0.2444434997
2074	0.8794322852	0.2444368858
2075	0.8795641369	0.2444152698
2076	0.8795583807	0.2443723961
2077	0.8794915902	0.2442857359
2078	0.879606175	0.2441749194
2079	0.8797323136	0.2441188724
2080	0.8796482172	0.2440631864
2081	0.8796539693	0.2439876598
2082	0.8796960138	0.2438675576
2083	0.8796119289	0.2437763413
2084	0.8797323136	0.2436948759
2085	0.8796482172	0.2436725312
2086	0.8797858611	0.2436312917
2087	0.8797801147	0.243558308
2088	0.8797801147	0.2435216847
2089	0.8798699747	0.2434923199
2090	0.8798699747	0.243420546
2091	0.8799235182	0.2433379854
2092	0.8797190098	0.2432442137
2093	0.8796769723	0.243173297
2094	0.87964069	0.2430700484
2095	0.8795566385	0.2430494458
2096	0.8795623925	0.2430407745
2097	0.879568146	0.243034715
2098	0.8797362511	0.2430066272
2099	0.8797477426	0.2429653621
2100	0.8797649756	0.2428301914
2101	0.8798070033	0.2428083524
2102	0.8798070033	0.2427901453
2103	0.8799866227	0.2427402345
2104	0.8799751541	0.2426808796
2105	0.8800229347	0.2426464402
2106	0.8801013094	0.2426091793
2107	0.8800764453	0.2424862142
2108	0.8800821748	0.2424706585
2109	0.8801433692	0.2424039531
2110	0.8800592536	0.24236509
2111	0.8800649847	0.2423024885
2112	0.8802217761	0.2422516872
2113	0.880185433	0.2422361147
2114	0.8804321843	0.2421255701
2115	0.8804379004	0.2420603331
2116	0.8804742781	0.241997565
2117	0.8803786575	0.2419485195
2118	0.8805106627	0.2418502698
2119	0.8806426932	0.2418148562
2120	0.8806541073	0.2417835452
2121	0.8807019222	0.2417651414
2122	0.8806962177	0.2417476799
2123	0.8806655192	0.2417001896
2124	0.8807076261	0.2416721133
2125	0.8807440348	0.2416167739
2126	0.8807861515	0.2415656122
2127	0.8807133295	0.2415189279
2128	0.8809296098	0.2414624363
2129	0.880966045	0.2414249294
2130	0.8810981443	0.24132724
2131	0.8811824357	0.241283967
2132	0.881213223	0.2411867383
2133	0.881261063	0.241129671
2134	0.8813032246	0.2410925009
2135	0.8813032246	0.2410828857
2136	0.881308903	0.2410614792
2137	0.8812667432	0.2410149061
2138	0.881308903	0.2409528187
2139	0.8813989092	0.2408935548
2140	0.8813932348	0.2408647795
2141	0.8813510669	0.2408171872
2142	0.8814719112	0.2407414791
2143	0.881688523	0.2406562696
2144	0.8816463269	0.2406348317
2145	0.8816576542	0.2405669728
2146	0.8816519908	0.2405183832
2147	0.8815367686	0.2404781145
2148	0.8814719112	0.240373547
2149	0.8815619467	0.2403062137
2150	0.8816154656	0.2402188292
2151	0.8816211302	0.2401802252
2152	0.8815367686	0.2401076766
2153	0.8814524231	0.2400683757
2154	0.8814524231	0.2400270641
2155	0.8814524231	0.2400085762
2156	0.8814945938	0.2399495481
2157	0.8815789474	0.2399415196
2158	0.881488924	0.2398893272
2159	0.8816689794	0.2398212998
2160	0.8816211302	0.2397875422
2161	0.8816576542	0.2397392333
2162	0.8816576542	0.2397298089
2163	0.881826449	0.2396564582
2164	0.8817785861	0.2396186979
2165	0.881874312	0.2395807238
2166	0.8819278262	0.2395123759
2167	0.8820066057	0.2394112163
2168	0.8819221749	0.2393518945
2169	0.8820854079	0.2393143087
2170	0.8820854079	0.2392772436
2171	0.8821642327	0.2392335191
2172	0.8821642327	0.2392003101
2173	0.8821219956	0.2391699458
2174	0.8821698746	0.2391145896
2175	0.8823444907	0.2390368415
2176	0.8823135114	0.2389803943
2177	0.8825135303	0.2389144346
2178	0.8825191571	0.2389049444
2179	0.8825079031	0.2388713731
2180	0.8825980744	0.2388499074
2181	0.8825247833	0.2388206731
2182	0.8825191571	0.2387851852
2183	0.8825614254	0.2387422323
2184	0.8828941064	0.2386407957
2185	0.883021038	0.2385951282
2186	0.8828461907	0.2385490985
2187	0.8827728274	0.2384412698
2188	0.8826938736	0.238427822
2189	0.8827840582	0.2383748348
2190	0.8827840582	0.2383237498
2191	0.8828574166	0.2382770216
2192	0.8829053277	0.2382453424
2193	0.8828574166	0.2382198037
2194	0.8828686404	0.2381863772
2195	0.8829843308	0.2381226989
2196	0.8828997173	0.2380742463
2197	0.8831280847	0.2380081498
2198	0.8831025727	0.2379452275
2199	0.8831816004	0.237904484
2200	0.8832239206	0.2378543634
2201	0.8832239206	0.2378506578
2202	0.8832239206	0.2378352618
2203	0.8832295161	0.2378247237
2204	0.8833453151	0.2377537212
2205	0.8834411694	0.2376765876
2206	0.8833141652	0.237606232
2207	0.8833988306	0.2375655261
2208	0.8833988306	0.2375082259
2209	0.8833141652	0.2374706053
2210	0.8833988306	0.2374040886
2211	0.8834411694	0.2373795802
2212	0.8834467555	0.2373593393
2213	0.8835314417	0.2373178855
2214	0.8835737909	0.2372932636
2215	0.8835737909	0.2372511781
2216	0.8835426052	0.2372175491
2217	0.8835426052	0.2371996421
2218	0.8835314417	0.2371541768
2219	0.8837800259	0.2370896842
2220	0.8837432283	0.2370172178
2221	0.8837543742	0.2369704929
2222	0.8837543742	0.2369392396
2223	0.8838023105	0.236894188
2224	0.8837967402	0.2368729759
2225	0.883875917	0.2368356238
2226	0.8839182969	0.2368157167
2227	0.883971808	0.2367315651
2228	0.8839349921	0.2366662532
2229	0.8838134496	0.236618133
2230	0.8839349921	0.2365930326
2231	0.8838078804	0.2365534591
2232	0.8838558144	0.2364759373
2233	0.8841156446	0.2364368417
2234	0.8840788149	0.236418122
2235	0.8841580361	0.236358671
2236	0.884084372	0.2362996597
2237	0.8841802493	0.2362578891
2238	0.8841323106	0.2362219289
2239	0.8841323106	0.2361956139
2240	0.884217087	0.2361757629
2241	0.8841691437	0.2361245808
2242	0.8842594812	0.2360857523
2243	0.884338736	0.2360651149
2244	0.8843811442	0.236060364
2245	0.8843922321	0.2360271704
2246	0.8843866884	0.2359927815
2247	0.8843922321	0.2359681785
2248	0.8843977752	0.2359618789
2249	0.8844346408	0.2359420392
2250	0.8843074268	0.2359332629
2251	0.8842650302	0.235907055
2252	0.8847740574	0.2357429911
2253	0.8846891788	0.2357260682
2254	0.8846947096	0.235664054
2255	0.8847574725	0.2356027157
2256	0.8845877105	0.2355734699
2257	0.8845083933	0.2354866096
2258	0.8844548899	0.2354499575
2259	0.884582174	0.2353980823
2260	0.8846301449	0.2353153466
2261	0.8848479033	0.2352444383
2262	0.884853428	0.2352172169
2263	0.8846836475	0.2351649199
2264	0.8848165028	0.2350994622
2265	0.8849438634	0.2350614866
2266	0.8849493835	0.2349863849
2267	0.8850822897	0.234945863
2268	0.8851892722	0.2348851435
2269	0.8851837636	0.2348197161
2270	0.8852632084	0.234794552
2271	0.8852262367	0.2347559153
2272	0.8851892722	0.2347500506
2273	0.8852742191	0.2347395161
2274	0.8854071692	0.2347206135
2275	0.8854071692	0.2347133585
2276	0.8854496593	0.2346831681
2277	0.8854866577	0.2346760924
2278	0.8855771538	0.2346469713
2279	0.8856196602	0.2346027589
2280	0.8855346516	0.2345615943
2281	0.8854716438	0.2344867078
2282	0.8852852277	0.2344367354
2283	0.8853442072	0.2343720803
2284	0.8853277037	0.2343530533
2285	0.8854551562	0.2343150523
2286	0.8854606526	0.234304907
2287	0.8854661485	0.2342857782
2288	0.8855291577	0.234213457
2289	0.8855236632	0.2341872397
2290	0.8855291577	0.2341636925
2291	0.8857472037	0.2341135172
2292	0.8856306393	0.2340449636
2293	0.88562515	0.2339943281
2294	0.8857417187	0.2339648293
2295	0.8857952091	0.2339532674
2296	0.8857787594	0.2339198203
2297	0.8857362331	0.2338207072
2298	0.8858322531	0.2337630503
2299	0.8858322531	0.2337054823
2300	0.8858747839	0.2336900426
2301	0.8858747839	0.2336778843
2302	0.8858322531	0.2336465686
2303	0.8859173189	0.2336167994
2304	0.8859598579	0.2335792042
2305	0.886002401	0.2335733474
2306	0.8859282731	0.2335477479
2307	0.8859282731	0.2335397684
2308	0.8860504202	0.2334786575
2309	0.8860504202	0.2334629359
2310	0.8861300547	0.2334138153
2311	0.886167147	0.23338165
2312	0.8862522817	0.2333741198
2313	0.886300317	0.2333464243
2314	0.886167147	0.2332963007
2315	0.886167147	0.2332671154
2316	0.8862097123	0.233215169
2317	0.8862042463	0.2331918179
2318	0.8862522817	0.2331483114
2319	0.8862522817	0.2330920262
2320	0.8862948552	0.233046995
2321	0.886300317	0.2330074321
2322	0.8863319721	0.2329531868
2323	0.8863690962	0.2329038811
2324	0.8864488227	0.2328398998
2325	0.8864706448	0.2328040701
2326	0.8865132369	0.2326973961
2327	0.8865132369	0.2326951269
2328	0.8866945365	0.2325720609
2329	0.8866519316	0.2325049245
2330	0.8867797588	0.2324429383
2331	0.8869339487	0.2323765719
2332	0.8868649974	0.2323166856
2333	0.8868649974	0.2323121558
2334	0.8869130581	0.2322596799
2335	0.8869983177	0.2321880079
2336	0.8869556859	0.2321422271
2337	0.8869293609	0.2320938032
2338	0.8869184929	0.2320742747
2339	0.8868441284	0.2319677156
2340	0.8870680955	0.2319213746
2341	0.8871107266	0.2318454977
2342	0.8868921776	0.2317359205
2343	0.8868441284	0.2317139438
2344	0.8868658724	0.2316722615
2345	0.8868232694	0.231629441
2346	0.8868178324	0.23162084
2347	0.8867217525	0.2315754986
2348	0.8868069569	0.2315503558
2349	0.8868976121	0.2314870071
2350	0.8868123949	0.2314371678
2351	0.8869347941	0.2314016448
2352	0.8870735223	0.231286583
2353	0.8871107266	0.2312621419
2354	0.8871053011	0.2312069956
2355	0.8871905792	0.2311642291
2356	0.8871905792	0.2311620569
2357	0.8871642078	0.2311375525
2358	0.8872494833	0.2311128393
2359	0.8870363252	0.2310187921
2360	0.8870843744	0.230996433
2361	0.8873828407	0.2309510799
2362	0.8873828407	0.2309500332
2363	0.8873774274	0.2308842006
2364	0.8874519231	0.2308382093
2365	0.8874945911	0.2307841614
2366	0.8874945911	0.2307735939
2367	0.8875426703	0.230714681
2368	0.8875264474	0.2306689792
2369	0.8875637203	0.2306221785
2370	0.8875637203	0.2306187424
2371	0.8876544991	0.2305544188
2372	0.8875691272	0.230521874
2373	0.8876118111	0.2304832768
2374	0.8875799394	0.2304469778
2375	0.8877187921	0.230396588
2376	0.8877133926	0.2303467935
2377	0.8877133926	0.2303371266
2378	0.8877133926	0.230335021
2379	0.8876707059	0.2303225518
2380	0.8876707059	0.2303075052
2381	0.8877560835	0.2302553888
2382	0.8878041743	0.2301762252
2383	0.8877987784	0.2301207977
2384	0.8877987784	0.2301147469
2385	0.8877614811	0.2301000899
2386	0.8877668782	0.2300655979
2387	0.8878149644	0.230029276
2388	0.8878576581	0.2299434629
2389	0.8877776709	0.2299185582
2390	0.8879484467	0.2299002491
2391	0.8879592229	0.2298891361
2392	0.8879646103	0.2298705735
2393	0.8880553953	0.2298131764
2394	0.8880981005	0.2297648324
2395	0.8880981005	0.2297365809
2396	0.8881727671	0.2296358784
2397	0.8883116883	0.2295431141
2398	0.8882262409	0.2294786637
2399	0.8882262409	0.2293994505
2400	0.8884132557	0.2293029724
2401	0.8884025206	0.2292716384
2402	0.8884398903	0.2291944317
2403	0.8884826325	0.2291558256
2404	0.8884879973	0.2291341874
2405	0.8883971522	0.2290687443
2406	0.8884826325	0.2290420809
2407	0.8884879973	0.2290167559
2408	0.8884879973	0.2289803683
2409	0.8885307418	0.2289216077
2410	0.8885253789	0.2288952874
2411	0.8885253789	0.2288866435
2412	0.8885253789	0.2288792681
2413	0.8885734905	0.2288267765
2414	0.8886162433	0.2286940794
2415	0.8886643572	0.2286506941
2416	0.8887498797	0.2285834145
2417	0.888765937	0.2285655277
2418	0.8888835419	0.2284907461
2419	0.888808699	0.2284161572
2420	0.8887766392	0.2283969246
2421	0.8888247462	0.2283546753
2422	0.8887819896	0.2283171299
2423	0.8887873395	0.2282307272
2424	0.8887926888	0.2281951427
2425	0.8887819896	0.22818392
2426	0.8888247462	0.2281695165
2427	0.888867507	0.2281265874
2428	0.8889049269	0.2281103771
2429	0.8888728532	0.228068713
2430	0.888878199	0.228035691
2431	0.8888300943	0.2279303693
2432	0.888878199	0.2278766914
2433	0.8889797489	0.2278406228
2434	0.8888995768	0.2278180452
2435	0.8888033859	0.2277843473
2436	0.8888461353	0.2277722539
2437	0.8888514813	0.2277496666
2438	0.8888942331	0.2277052475
2439	0.8889904286	0.2276601656
2440	0.8890652812	0.2276313123
2441	0.8891080535	0.2275922123
2442	0.8891454965	0.2275643105
2443	0.8892310653	0.2275396277
2444	0.8892845114	0.227518224
2445	0.8892791839	0.2274983321
2446	0.8894022524	0.2274413714
2447	0.889225735	0.227399518
2448	0.8893219768	0.2273604236
2449	0.8894182186	0.2272986324
2450	0.8893807439	0.2272071068
2451	0.889391388	0.2271330048
2452	0.8894288601	0.227110636
2453	0.8895625812	0.2270381953
2454	0.8895572666	0.2270012137
2455	0.88963758	0.2269709434
2456	0.8895947637	0.2269565179
2457	0.889503826	0.2268713835
2458	0.8895519515	0.2268226218
2459	0.8895413197	0.2268052794
2460	0.8896591566	0.2267333406
2461	0.8897982764	0.2266972793
2462	0.889723225	0.2265396339
2463	0.8898247978	0.2265081145
2464	0.8898301006	0.2264154412
2465	0.8897338403	0.2263805785
2466	0.8898141908	0.2263340035
2467	0.8898623279	0.2263046491
2468	0.8898623279	0.2262916921
2469	0.8899797863	0.2262005053
2470	0.8898354028	0.2261517356
2471	0.8898301006	0.2261128044
2472	0.8897978826	0.2260570613
2473	0.889787275	0.2259887955
2474	0.889787275	0.2259066158
2475	0.889787275	0.2259057657
2476	0.8898354028	0.2258574353
2477	0.8900014442	0.2258284547
2478	0.8899369556	0.2257863763
2479	0.890097723	0.2257445327
2480	0.8901781416	0.225719774
2481	0.8901352848	0.2257099095
2482	0.889974491	0.2256333275
2483	0.889974491	0.2255934164
2484	0.889974491	0.2255762377
2485	0.8900548763	0.2255073562
2486	0.8899903754	0.2254540377
2487	0.890076042	0.2254015788
2488	0.8901992876	0.2253428003
2489	0.8902955618	0.2252666146
2490	0.8903331408	0.2252352342
2491	0.8902045728	0.2251806704
2492	0.8903542549	0.2251484861
2493	0.8903061224	0.2251012794
2494	0.8903865595	0.2250855072
2495	0.890477566	0.2250349171
2496	0.890477566	0.225017342
2497	0.8905204371	0.2249877155
2498	0.890477566	0.224982141
2499	0.890439973	0.224920663
2500	0.8904722931	0.2248633138
2501	0.8903918359	0.2248438076
2502	0.890439973	0.2248094913
2503	0.8905362472	0.2247552244
2504	0.8904881101	0.2246957025
2505	0.8906648693	0.2246405443
2506	0.8905843843	0.2245826256
2507	0.8906377858	0.2245386112
2508	0.8907182746	0.2244921284
2509	0.8907130133	0.2244705293
2510	0.8907987867	0.2244003048
2511	0.8907558979	0.2243959686
2512	0.8908898305	0.2243312737
2513	0.8909379815	0.2243072987
2514	0.8909379815	0.2242521454
2515	0.8910290365	0.2242247149
2516	0.8912331407	0.2241812918
2517	0.8911849711	0.2241510666
2518	0.8910938779	0.2240680291
2519	0.8910509585	0.2240500707
2520	0.8910080432	0.2240202552
2521	0.8910614525	0.2239984289
2522	0.8912383797	0.2239684938
2523	0.8912865469	0.2238953396
2524	0.8912006935	0.2238729024
2525	0.8912383797	0.2238354349
2526	0.8912383797	0.2238350577
2527	0.8912006935	0.2237528303
2528	0.8911525309	0.2236932049
2529	0.8911525309	0.2236870252
2530	0.8911954532	0.2236741173
2531	0.8911630147	0.2235934228
2532	0.8911201002	0.2235791607
2533	0.8911577731	0.2235557635
2534	0.8912865469	0.2235193816
2535	0.8911253431	0.2234717188
2536	0.8911682558	0.2233722897
2537	0.8912111726	0.2233579028
2538	0.8910876788	0.2232963493
2539	0.8912593306	0.2232298624
2540	0.8911630147	0.2231829108
2541	0.8912059333	0.2231472653
2542	0.8913294798	0.2231361226
2543	0.8913828814	0.2231207436
2544	0.8913776493	0.2230595835
2545	0.8913347141	0.2230480593
2546	0.8913190095	0.2230034452
2547	0.891404895	0.2229817756
2548	0.8915389804	0.2229465148
2549	0.8915389804	0.222930265
2550	0.8915923874	0.2228770801
2551	0.8916783116	0.2228122326
2552	0.8916353474	0.2227615485
2553	0.8916353474	0.2226745903
2554	0.8916991858	0.2226345492
2555	0.8917473623	0.2226262655
2556	0.8917044031	0.2226216031
2557	0.8916666667	0.2226092679
2558	0.8916289375	0.2225835352
2559	0.8916237175	0.2225476554
2560	0.891661448	0.2224877802
2561	0.8917473623	0.2224478687
2562	0.8917577918	0.2224053165
2563	0.8918007515	0.222383876
2564	0.8918437154	0.2223754738
2565	0.8918866834	0.2223337805
2566	0.8919726318	0.2222817012
2567	0.8919726318	0.2222606155
2568	0.8918866834	0.2222092993
2569	0.8919296555	0.2221459186
2570	0.8918437154	0.2220876757
2571	0.8918541356	0.2220139923
2572	0.8919348622	0.2219386709
2573	0.892063798	0.2219119932
2574	0.8921119838	0.2218612838
2575	0.8921171822	0.2218225669
2576	0.8921601696	0.22180966
2577	0.8921119838	0.2217621469
2578	0.8921979664	0.2217218189
2579	0.8920585968	0.2216992472
2580	0.892063798	0.2216666131
2581	0.8920585968	0.2216420399
2582	0.8919726318	0.2215813135
2583	0.8920156122	0.2215535781
2584	0.8920156122	0.2215179582
2585	0.8920585968	0.2214946577
2586	0.892063798	0.2214542768
2587	0.8922409639	0.2213229144
2588	0.8922409639	0.2212881831
2589	0.8923269713	0.221255143
2590	0.8923803557	0.2212015492
2591	0.8922565412	0.2211739902
2592	0.8922995374	0.2211599372
2593	0.8922617327	0.2211372127
2594	0.8923425377	0.2210900454
2595	0.8923151048	0.221015184
2596	0.8922343193	0.2209825268
2597	0.8923202929	0.2209417428
2598	0.8922291275	0.2209234787
2599	0.8922291275	0.2209004883
2600	0.892277304	0.2208432273
2601	0.8923580996	0.2208063427
2602	0.8926213311	0.2207277443
2603	0.8927348985	0.220677854
2604	0.8928261498	0.2206373889
2605	0.8927986118	0.2205993794
2606	0.8927504097	0.2205439168
2607	0.8927452398	0.2205266021
2608	0.8927986118	0.2204738512
2609	0.8928416486	0.2204545737
2610	0.8928795256	0.2204195117
2611	0.8929277347	0.22038383
2612	0.8929707839	0.2203738442
2613	0.8931051109	0.2202967056
2614	0.8931051109	0.2202503384
2615	0.8930672066	0.2201787227
2616	0.8930672066	0.2201485216
2617	0.8930672066	0.2201287367
2618	0.8930672066	0.2200564194
2619	0.8931584784	0.2200281904
2620	0.8929862617	0.2199998013
2621	0.8930723618	0.219967163
2622	0.8930672066	0.2199366805
2623	0.8931963933	0.2198901257
2624	0.8932343155	0.2198614566
2625	0.8932343155	0.2198580396
2626	0.8932825385	0.2198333281
2627	0.8932343155	0.2198168488
2628	0.8933204726	0.2197555163
2629	0.8933532703	0.2197213626
2630	0.8934394597	0.2197128113
2631	0.8934445999	0.2196911052
2632	0.8934066464	0.2196792652
2633	0.8934117874	0.2196554396
2634	0.8934117874	0.2196408261
2635	0.8934548787	0.2196187683
2636	0.8934548787	0.219595444
2637	0.8932066921	0.2194592595
2638	0.8931533269	0.2194081427
2639	0.8931912431	0.2193925028
2640	0.8932343155	0.2193805916
2641	0.8932670975	0.2193627099
2642	0.8933532703	0.2192874218
2643	0.8933153275	0.2192762655
2644	0.8933963629	0.2192494854
2645	0.8933532703	0.2192214433
2646	0.8934825607	0.2191923554
2647	0.8936118884	0.2190961992
2648	0.8937843837	0.2190136585
2649	0.8936981278	0.2189265653
2650	0.8936118884	0.2189100042
2651	0.8936447426	0.218856893
2652	0.8936498745	0.2188293444
2653	0.8936827373	0.2187786751
2654	0.8935533681	0.2187443501
2655	0.8936396101	0.2187216351
2656	0.8936447426	0.2186793325
2657	0.8936447426	0.2186307274
2658	0.8936498745	0.2186107272
2659	0.8936498745	0.2185375806
2660	0.8937032569	0.2185060149
2661	0.893746381	0.2184908924
2662	0.8938428875	0.2184403765
2663	0.8937895092	0.2184092599
2664	0.8938860204	0.2183456823
2665	0.8939722986	0.2183245142
2666	0.8939825315	0.218304011
2667	0.894030787	0.2182549624
2668	0.894030787	0.2182433829
2669	0.8940739311	0.2181802569
2670	0.8941068584	0.2181430849
2671	0.8940205589	0.2181390704
2672	0.8940966356	0.218042636
2673	0.8942159135	0.2180253221
2674	0.8941829592	0.2179929445
2675	0.8942692995	0.2179519066
2676	0.8942692995	0.2178920958
2677	0.8943073729	0.2178845579
2678	0.8943073729	0.2177927879
2679	0.89444203	0.2177631271
2680	0.8944852231	0.2177440519
2681	0.8944954128	0.2177094875
2682	0.8944954128	0.2176848847
2683	0.8944954128	0.21767967
2684	0.8945436987	0.2176546843
2685	0.8944573194	0.2176283772
2686	0.8946351828	0.2175716046
2687	0.8946402704	0.2175596514
2688	0.8945259703	0.2175161383
2689	0.8945259703	0.2175077587
2690	0.8944878849	0.2174690622
2691	0.8945361521	0.2173483608
2692	0.8945691528	0.2172923042
2693	0.8946657012	0.2172236142
2694	0.894660616	0.217192432
2695	0.8947470066	0.2171697513
2696	0.8947902081	0.2170846875
2697	0.8947902081	0.217067693
2698	0.8948766237	0.2170380081
2699	0.8948334138	0.2170095163
2700	0.8948816997	0.2169248133
2701	0.8950596417	0.2168484398
2702	0.8950545736	0.2168229312
2703	0.8950978025	0.2167992226
2704	0.8951359706	0.2167651226
2705	0.8951792097	0.2167276203
2706	0.8952275142	0.2167047197
2707	0.8952657005	0.2166780747
2708	0.8952657005	0.2166637287
2709	0.8953038941	0.2165861406
2710	0.8953420951	0.2165634542
2711	0.8952505194	0.2165345307
2712	0.8953853588	0.216504389
2713	0.8954336796	0.2164716414
2714	0.8954336796	0.2164594659
2715	0.8953522079	0.2164235717
2716	0.8953954679	0.2163961042
2717	0.8954005218	0.2163543991
2718	0.8953623188	0.2163160608
2719	0.8954387321	0.2162983864
2720	0.8955202242	0.2162651393
2721	0.8954336796	0.2162324795
2722	0.8954286267	0.2162312449
2723	0.8954387321	0.2162028396
2724	0.8953522079	0.2161564805
2725	0.8954488356	0.2160519614
2726	0.8955353692	0.2160228425
2727	0.8956702426	0.2159633359
2728	0.8955836877	0.215949629
2729	0.895626963	0.2159377497
2730	0.8955505097	0.2158564161
2731	0.8955988212	0.2158203156
2732	0.8955122941	0.2158055224
2733	0.8956189924	0.2157540718
2734	0.8955757342	0.2157025793
2735	0.8955706902	0.2156777089
2736	0.8955324801	0.2156342316
2737	0.8956139503	0.215567491
2738	0.8955706902	0.2155563424
2739	0.8956089078	0.2154845225
2740	0.8955706902	0.2154590272
2741	0.8957387187	0.2153887743
2742	0.8957769617	0.2153483607
2743	0.8957819974	0.2153271297
2744	0.895685365	0.2152792115
2745	0.8956954442	0.2152528322
2746	0.8958252802	0.2151868351
2747	0.8957870326	0.2151576757
2748	0.8960185543	0.2150815402
2749	0.8960618507	0.215007916
2750	0.896051805	0.2149612719
2751	0.8960618507	0.2149329749
2752	0.896051805	0.2149316282
2753	0.8959601817	0.2148827296
2754	0.8960417573	0.2148328357
2755	0.8959984535	0.2148008846
2756	0.8959984535	0.2147687916
2757	0.8960850652	0.2146948343
2758	0.8960900875	0.2146659431
2759	0.8960085049	0.2146229448
2760	0.8960467814	0.2145766214
2761	0.8960135298	0.21455814
2762	0.8960568281	0.2145168203
2763	0.8961001305	0.2145095471
2764	0.8962400928	0.2144398616
2765	0.8962400928	0.2144345944
2766	0.8961534744	0.2143822248
2767	0.8961534744	0.2143594142
2768	0.8963317384	0.2142878101
2769	0.8962884206	0.2142484499
2770	0.8963367485	0.2142312192
2771	0.8962068132	0.2141723874
2772	0.8962501208	0.2141003324
2773	0.8962934326	0.2140476828
2774	0.8964717255	0.2138878266
2775	0.8964233929	0.2138528393
2776	0.8965050515	0.2137356469
2777	0.8965100541	0.2137095555
2778	0.8966350803	0.2136273074
2779	0.8965917331	0.2135952213
2780	0.8965967321	0.2135591491
2781	0.8965867337	0.2134425207
2782	0.8967701383	0.2133626393
2783	0.8967267804	0.2133459418
2784	0.8967217871	0.2133253937
2785	0.8968085106	0.2132770481
2786	0.8968135003	0.2132622571
2787	0.8968718271	0.2131419673
2788	0.8968618539	0.2131373573
2789	0.8967551622	0.213068525
2790	0.8968618539	0.2130137621
2791	0.896915192	0.2129235775
2792	0.896915192	0.2128603867
2793	0.8969102074	0.2128127332
2794	0.8971854145	0.2126614242
2795	0.8971854145	0.2126098728
2796	0.8971420281	0.2125668518
2797	0.8972238344	0.2124632718
2798	0.8974024089	0.212355798
2799	0.8974073716	0.2122891255
2800	0.8973590016	0.2122184243
2801	0.8973590016	0.2122011324
2802	0.8973155985	0.2121605251
2803	0.8973205649	0.2121283007
2804	0.8973391388	0.2120854407
2805	0.8973441053	0.212075358
2806	0.8973391388	0.2120275558
2807	0.8973441053	0.211984468
2808	0.8973441053	0.2119529776
2809	0.8973875181	0.2119226977
2810	0.8973825536	0.2119162685
2811	0.8974743565	0.2118650898
2812	0.897517782	0.2118310617
2813	0.8974793169	0.2117496154
2814	0.8974693957	0.2117173127
2815	0.8974693957	0.2116657
2816	0.8974693957	0.2116166794
2817	0.8974259725	0.2115501452
2818	0.8974210093	0.2114982674
2819	0.8975996903	0.2114075342
2820	0.8977498185	0.2113425624
2821	0.8977399216	0.2112876762
2822	0.8978603931	0.2112504076
2823	0.897952268	0.2111879033
2824	0.8979137422	0.2111830262
2825	0.8979572079	0.211147154
2826	0.897952268	0.2111317016
2827	0.8979957397	0.2110786216
2828	0.8980441518	0.2110526483
2829	0.898029342	0.2110226862
2830	0.898116314	0.2109981673
2831	0.8980728259	0.2109858204
2832	0.8980244044	0.2109382271
2833	0.8979473277	0.2108753086
2834	0.898029342	0.2108537857
2835	0.8980194664	0.2108144174
2836	0.8981113801	0.2107874751
2837	0.8982131616	0.2107446049
2838	0.8982517313	0.210690659
2839	0.8982082324	0.2106542148
2840	0.8982082324	0.2106018074
2841	0.8984742068	0.2105305793
2842	0.8986047864	0.2105072369
2843	0.8986047864	0.2104499469
2844	0.8984692889	0.2104032042
2845	0.8984306888	0.2103676078
2846	0.8984840413	0.2103414706
2847	0.8984791243	0.2103223786
2848	0.8985710826	0.2102565679
2849	0.8984840413	0.2101955264
2850	0.8987065833	0.2101226157
2851	0.8987065833	0.2101134415
2852	0.8988323078	0.2100589289
2853	0.8987403101	0.2100048019
2854	0.8987065833	0.2099539029
2855	0.8986532313	0.2099083226
2856	0.8986532313	0.2098839237
2857	0.8986532313	0.2098583921
2858	0.8986918605	0.2098179998
2859	0.8987789514	0.2098058077
2860	0.8988323078	0.2097749805
2861	0.8987887597	0.2097627803
2862	0.8987065833	0.2097011956
2863	0.89871149	0.2096713423
2864	0.8987550259	0.2096437363
2865	0.8986195205	0.2096111226
2866	0.8987550259	0.2096063536
2867	0.898798566	0.2095798157
2868	0.8987452158	0.2095383872
2869	0.8987550259	0.2095015712
2870	0.8988470109	0.2094689866
2871	0.8988954559	0.2094126491
2872	0.8987550259	0.2093657542
2873	0.8989776636	0.2092836936
2874	0.899021223	0.209277286
2875	0.899021223	0.2092627285
2876	0.8989776636	0.2092355109
2877	0.8989194166	0.2091977976
2878	0.8987599302	0.209109803
2879	0.8988954559	0.2090795396
2880	0.8989678732	0.2090455102
2881	0.8989678732	0.2090048603
2882	0.8990598953	0.2089806083
2883	0.8990163299	0.2089695459
2884	0.8991857309	0.2089186473
2885	0.8991808444	0.2088821167
2886	0.8992244304	0.2088551185
2887	0.8993116153	0.2088358939
2888	0.8992729035	0.2088232426
2889	0.8993164962	0.2087921456
2890	0.8993164962	0.208773724
2891	0.8993164962	0.2087500808
2892	0.899398817	0.2086143677
2893	0.8996314973	0.2085634064
2894	0.8995781409	0.2085289446
2895	0.8996168954	0.2084354707
2896	0.8996217632	0.2083824389
2897	0.8997041564	0.208272868
2898	0.8995732713	0.2082356287
2899	0.8995781409	0.2082220435
2900	0.8996071584	0.2081981226
2901	0.8996992919	0.2081489578
2902	0.8997865735	0.2081138986
2903	0.8998399379	0.208089265
2904	0.8997914343	0.208067258
2905	0.8998350795	0.2080425664
2906	0.8998350795	0.2079759342
2907	0.8998011543	0.2079161816
2908	0.8998011543	0.2079074056
2909	0.8998399379	0.2078899104
2910	0.8998302207	0.2078629042
2911	0.8997865735	0.2078408157
2912	0.8997914343	0.2078225373
2913	0.8998738721	0.2077674799
2914	0.8999175278	0.2077398186
2915	0.8999175278	0.2076990213
2916	0.8998835856	0.2076409567
2917	0.8999223828	0.2076260107
2918	0.8999660408	0.2075902717
2919	0.8998835856	0.2074758693
2920	0.8998835856	0.2074519078
2921	0.8999320916	0.2074234157
2922	0.8998447958	0.2073941056
2923	0.8998399379	0.2073612993
2924	0.8998350795	0.2073407238
2925	0.8999369452	0.2072693016
2926	0.8999369452	0.2072578195
2927	0.8998932971	0.2072410515
2928	0.8998932971	0.2072305478
2929	0.8999417984	0.2071906324
2930	0.8999466511	0.2071034272
2931	0.9000291036	0.2070782251
2932	0.9000727626	0.2070627779
2933	0.9001212709	0.2070478797
2934	0.9001600931	0.2070256442
2935	0.9002571193	0.2069950349
2936	0.9003007957	0.2069576042
2937	0.9005677682	0.2069117712
2938	0.9005774176	0.2068945447
2939	0.9006648226	0.2068652584
2940	0.9006648226	0.2068479045
2941	0.9007133498	0.2068210933
2942	0.9006744626	0.2067939854
2943	0.9008978403	0.2066894238
2944	0.9006744626	0.2066091674
2945	0.9008396835	0.2065299696
2946	0.9008834094	0.2064894555
2947	0.9008834094	0.2064717546
2948	0.9009223301	0.2064529466
2949	0.9008785981	0.2064225192
2950	0.9008348704	0.2063920871
2951	0.9007815155	0.2063596398
2952	0.90095645	0.2063286806
2953	0.9009271395	0.2063172087
2954	0.9009223301	0.2062587965
2955	0.9011458536	0.2061793999
2956	0.9012381646	0.2061173348
2957	0.901277133	0.2060816042
2958	0.9012333689	0.2060200571
2959	0.9012867201	0.2060049729
2960	0.9013256932	0.2059990261
2961	0.9015055852	0.2059840638
2962	0.901549371	0.2059625209
2963	0.9015979406	0.2059482598
2964	0.901549371	0.2059323384
2965	0.9015398067	0.2058962417
2966	0.9013886191	0.2058112307
2967	0.9014323865	0.2057914735
2968	0.9014761581	0.2057853956
2969	0.901519934	0.2057510603
2970	0.9014419576	0.2057253509
2971	0.901480942	0.2057090289
2972	0.9014371723	0.2056979839
2973	0.9014857254	0.2056863746
2974	0.9015247159	0.2056589193
2975	0.9014761581	0.2056076892
2976	0.9015637141	0.2055798191
2977	0.9016122766	0.2055504552
2978	0.9015589335	0.2055233789
2979	0.9018702939	0.2054346313
2980	0.9018702939	0.2053711763
2981	0.9018169452	0.2053224366
2982	0.9018655266	0.2052726581
2983	0.9018750607	0.2052314181
2984	0.9018312527	0.2051889051
2985	0.9017046282	0.2051556552
2986	0.901787449	0.2051415759
2987	0.901918873	0.2050903524
2988	0.9017922191	0.2050627425
2989	0.9017969888	0.2050454046
2990	0.901787449	0.2049817818
2991	0.901836021	0.2049631567
